,feature,platform,bug fix,debug,cross,preprocessing,model chng,training chng,accuracy,performance,security,maintenance,add module,move module,remove module,split module,add package,remove package,update package,licence,clean up,token replace,refactor,indent,branch,external,merge,versionning,source control,build/config,testing,documentation,internationalization,input data,output data,program data,exploit additionnal data,understanding,param tinkering,sharing,adding_regenerated code files,change_of_file_permission_or_encoding,copy_and_customize_module,evaluation_code_change,visual_output_change
0,,,Rater_0Rater_1,,,,,,,,,,,,,,,,,,,,,,,,,,,,,,,,,,,,,,,,,,
1,,,,Rater_0Rater_1,,,,,,,,,Rater_0Rater_1,,,,,,,,,,,,,,,,,,,,,,,Rater_0Rater_1,,,Rater_0Rater_1,,,,,,
2,,,,Rater_0Rater_1,,,,,,,,,,,,,,,,,Rater_0Rater_1,,,,,,,,,,,,,,,,,,Rater_0Rater_1,,,,,,
3,,,Rater_0Rater_2Rater_1,,,,,,,,,,,,,,,,,,,,,,,,,,,,Rater_0Rater_1,,,,,,,,,,,,,,
4,,,Rater_0Rater_1,Rater_0Rater_1,,,,Rater_0Rater_2Rater_1,,,,,,,,,,,,,,,,Rater_0Rater_1,,,,,,,,,,,,,,,,,,,,,
5,,,Rater_0Rater_1,,,,,,,,,,,Rater_0Rater_1,,,,,,,,,,,,,,,,,,,,,,,,,,,,,,,
6,,,,,,,,,,,,,,,,,,,,,,,Rater_0Rater_1,,,,,,,,,,,,,,,,,,,,Rater_0Rater_1,,
7,,,,,,,,,,,,,,,,,,,,,,,,Rater_0Rater_1,,,,,,,,,,,,,,,,,,,,,
8,,,,,,,,,,,,,,,,,,,,,Rater_0Rater_2,,,Rater_0Rater_2,,,,,,Rater_0Rater_2,Rater_0Rater_2,,,Rater_0Rater_2Rater_1,,,,Rater_0Rater_2,,,,,,,
9,,,,,,,,,,,,,,,,,,,,,,,,,,,,,,,,,,Rater_0Rater_2Rater_1,,,,,Rater_0Rater_2Rater_1,,,,,,Rater_0Rater_2Rater_1
10,,,,,,,,,,,,,,,,,,,,,Rater_0Rater_2Rater_1,,,,,,,,,,,,,,,,,Rater_0Rater_1,,,,,,,
11,,,,,,,,,,,,,,,,,,,,,,,,,,,,,,,,Rater_0Rater_1,,,,,,Rater_0Rater_1,,,,,,,
12,,,,,,,,,,,,,,,,,,,,,,,,,,,,,,,,,,,,,,Rater_0Rater_2Rater_1,,,,,,,
13,,,,Rater_0Rater_1,,,,,,,,,,,,,,,,,,,,,,,,,,,,,,,,,,,,,,,,,
14,,,,,,,Rater_0Rater_1,,,,,,,,,,,,,,,,,,,,,,,,,,,,,,,,,,,,,,
15,,,,Rater_0Rater_1,,,,,,,,,,,,,,,,,,,Rater_0Rater_2Rater_1,,,,,,,,,,,,,,,,,,,,,,
16,,,,Rater_0Rater_2,,,,,,,,,,,,,,,,,,,,,,,,,,,,,,,Rater_0Rater_1,,,,,,,,,,
17,,,,,,Rater_0Rater_2Rater_1,,,,,,,Rater_0Rater_2Rater_1,,,,,,,,,,,,,,,,,,,,,,,,,,,,,,,,
18,Rater_0Rater_2Rater_1,,,Rater_0Rater_1,,,,,,,,,,,,,,,,,,,,,,,,,,,,,,,,,,,,,,,,,
19,,,,,,,,,,,,Rater_0Rater_1,,,,,,,,,Rater_0Rater_1,,Rater_0Rater_1,Rater_0Rater_1,,,,,,,,,,,,Rater_0Rater_1,,,Rater_0Rater_1,,,,,,
20,,,,,,,Rater_0Rater_1,,,,,,,,,,,,,,,,Rater_0Rater_1,Rater_0Rater_1,,,,,,,,,,,,,,Rater_0Rater_1,,,,,,,Rater_0Rater_1
21,,,,,,,,,,,,,,,,,,,,,,,,,,,,,,,,Rater_0Rater_1,,,,,,,,,,,,,
22,,,,,,,,,,,,,,,,,,,,,,,,,,,,,,,,Rater_0Rater_2Rater_1,,,,,,,,,,,,,
23,,,,,,,Rater_0Rater_2Rater_1,,,,,,,,,,,,,,,,Rater_0Rater_1,,,,,,,,,,,,,,,,Rater_0Rater_2Rater_1,,,,,,
24,,,,Rater_0Rater_1,,,,,,,,,,,,,,,,,,,Rater_0Rater_1,,,,,,,,,,,,,,,,,,,,,,
25,,,Rater_0Rater_2Rater_1,,,,,,,,,,,,,,,,,,,,,,,,,,,,,,,,,,,,,,,,,,
26,,,,,,,,,,,,,,,,,,,,,,,,,,,,,,,,,,Rater_0Rater_1,,,,,,,,,,,
27,,,,,,,,,,,,,,,,,,,,,,,,,,,,,,,,Rater_0Rater_2Rater_1,,,,,,,,,,,,,
28,,,,Rater_0Rater_1,,,,,,,,,Rater_0Rater_1,,,,,,,,,,,,,,,,,,,,,,,,,,,,,,,,
29,,,,,,,,,,,,,,,,,,,,,Rater_0Rater_1,,Rater_0Rater_1,,,,,,,,,,,,,Rater_0Rater_1,,,,,,,,,
30,,,,,,,,,,,,,,,,,,,,,,,Rater_0Rater_1,,,,,,,,,,,,,Rater_0Rater_1,,,,,,,,,
31,,,,,,,,,,,,,,Rater_0Rater_1,,,,,,,,,,,,,,,,,,,,,,,,,,,,,,,
32,,,,,,,,,,,,,,,,,,,,,,,,,,,,,,,,Rater_0Rater_1,,,,,,,,,,,,,
33,,,Rater_0Rater_1,,,,,,,,,,Rater_0Rater_1,,Rater_0Rater_1,,,,,,,,,Rater_0Rater_1,,,,,,Rater_0Rater_1,,,,,,Rater_0Rater_1,,,,,,,Rater_0Rater_1,,
34,,,,,,,,,,,,,,,,,,,,,,,,,,,,,,,,,,,Rater_0Rater_1,,,,,,,,,,
35,,,,,,,,,,,,,,,,,,,,,,,,,,,,,,,,,,,Rater_0Rater_1,,,,,,,,,,
36,,,Rater_0Rater_1,,,,,,,,,,,,,,,,,,,,,,,,,,,,,,,,Rater_0Rater_1,,,,,,,,,,
37,Rater_0Rater_2,,,,,,,,,,,,Rater_0Rater_1,,,,,,,,,,,,,,,,,,,,,,,,,,,,,,Rater_0Rater_1,,
38,,,,,,,,,,,,,Rater_0Rater_1,,,,Rater_0Rater_1,,,,,,,,,,,,,,,,,,,,,,,,,,,,
39,,,,,,,,,,,,,,,Rater_0Rater_1,,,,,,,,,,,,,,,,Rater_0Rater_1,,,,,,,,,,,,,,
40,,,,,,,,,,,,,,,Rater_0Rater_1,,,,,,,,,,,,,,,,Rater_0Rater_1,,,,,,,,,,,,,,
41,Rater_0Rater_1,,,,,,,,,,,,Rater_0Rater_1,,,,,,,,,,,,,,,,,,,,,,,,,,,,,,,,
42,,,,,,Rater_0Rater_1,,Rater_0Rater_1,,,,,Rater_0Rater_1,,,,,,,,,,,,,,,,,,Rater_0Rater_1,,,Rater_0Rater_1,Rater_0Rater_1,Rater_0Rater_1,,,Rater_0Rater_1,,,,Rater_0Rater_1,Rater_0Rater_1,
43,,,,,,Rater_0Rater_1,,,,,,Rater_0Rater_1,,,,,,,,,,,Rater_0Rater_1,,,,,,Rater_0Rater_1,,,,,Rater_0Rater_1,Rater_0Rater_1,Rater_0Rater_1,,,Rater_0Rater_1,,,,Rater_0Rater_1,,
44,,,Rater_0Rater_1,,,,,,,,,,,,,,,,,,,,,,,,,,,,,,,,,,,Rater_0Rater_1,,,,,,,
45,,,,,,,,,,,,,,,,,,,,,,,,,,,,,,,,,,,Rater_0Rater_1,,,,,,,,,,
46,,,,,,,,,,,,,,,,,,,,,,,,Rater_0Rater_1,,,,,,,,,,,,,,,,,,,,,
47,,,,,,,,,,,,,,Rater_0Rater_1,Rater_0Rater_1,,,,,,,,Rater_0Rater_1,,,,,,,,,,,,,,,,,,,,,,
48,,,,,,,,,,,,,,,,,,,,,,,Rater_0Rater_1,,,,,,,,,,,,,,,,,,,,,,
49,,,,,,,,,,,,,,,,,,,,,,,Rater_0Rater_1,,,,,,,,,,,,,,,,,,,,,,
50,,,,,,,,,,,,,,,,,,,,,,,,,,,,,,,,Rater_0Rater_1,,,,,,,,,,,,,
51,,,,,,,,,,,,,,,,,Rater_0Rater_1,,Rater_0Rater_1,,,,,,,,,,,,,,,,,,,,,,,,,,
52,,,,,,,,,,,,,,,,,,,,,,,Rater_0Rater_1,,,,,,,,,,,,,,,,,,,,,,
53,,,,,,,Rater_0Rater_1,,,,,,,,,,,,,,,,,,,,,,,,,,,,,,,,Rater_0Rater_1,,,,,,
54,,,,,,,,Rater_0Rater_1,,,,,,,,,,,,,,,,,,,,,,,,,,,,,,,,,,,Rater_0Rater_1,,
55,,,Rater_0Rater_1,,,,,,,,,,,,,,,,,,,,,,,,,,,,,,,,,,,,,,,,,,
56,,,,,,,,,,,,,,,,,,,,,Rater_0Rater_1,,,,,,,,,,,,,,,,,,,,,,,,
57,,,,,,,,,,,,,,,,,,,,,Rater_0Rater_1,,,,,,,,,,,,,,,,,,,,,,,,
58,,,,,,,,,,,,,,,,,,,,,Rater_0Rater_1,,,,,,,,,,,,,,,,,,Rater_0Rater_1,,,,,,
59,,,,,,,,,,,,,,,,,,,,,,,,,,,,,,,,,,,,,,,,,,Rater_0Rater_1,,,
60,,,,,,Rater_0Rater_1,,,,,,,,,,,,,,,,,,,,,,,,,,,,Rater_0Rater_1,,,,,,,,,,,
61,,,,,,,,,,,,,,,Rater_0Rater_1,,,,,,,,,,,,,,,,,,,,,,,,,,,,,,
62,,,,,,,,,,,,,,,,,,,,,,,,,,,,,,,,Rater_0Rater_1,,,,,,,,,,,,,
63,,,,,,,,,,,,,,,,,,,,,Rater_0Rater_1,,,,,,,,,,,,,,,,,,,,,,,,
64,,,,,,Rater_0Rater_1,,,,,,,Rater_0Rater_1,,,,,,,,,,,,,,,,,,,,,,,,,,,,,,Rater_0Rater_1,,
65,,,,,,,,Rater_0Rater_1,,,,,Rater_0Rater_1,,,,,,,,,,,,,,,,,,Rater_0Rater_1,,,,,,,Rater_0Rater_1,,,,Rater_0Rater_1,,Rater_0Rater_1,
66,,,,,,,,,,,,,,,,,,,,,,,,,,,,,,,,Rater_0Rater_1,,,,,,,,,,,,,
67,,,Rater_0Rater_1,,,Rater_0Rater_1,,,,,,,,,,,,,,,,,,,,,,,,,,,,,,,,,,,,,,,
68,Rater_0Rater_1,,,,,,,,,,,,,,,,,,,,,,,,,,,,,,,,,,,,,,,,,,,,
69,,,,Rater_0Rater_1,,,,,,,,,,,,,,,,,,,,,,,,,,,,,,,,,,,,,,,,,
70,Rater_0Rater_1,,,,,,,Rater_0Rater_1,,,,,,,,,,,,,,,,,,,,,,,,Rater_0Rater_1,,,,,,,,,,,,,
71,,Rater_0Rater_1,,,,,,,,,,,,,,,,,,,,,,,,,,,,,,,,,,,,,,,,,,,
72,,,Rater_0Rater_1,,,,,,,,,,,,,,,,,,,,,,,,,,,,,,,,,,,,,,,,,,
73,,,,,,,,Rater_0Rater_1,,,,,,,,,,,,,,,,,,,,,,,,,,,,,,,Rater_0Rater_1,,,,,,
74,,,,,,,,,,,,Rater_0Rater_1,,,,,,,,,,,,,,,,,,,,,,,,,,,,,,,,,
75,,,,,,,,,,,,,,,,,,,,,,,,Rater_0Rater_1,,,,,,,,,,,,,,,,,,,,,
76,,,,,,,,Rater_0Rater_1,,,,,,,,,,,,,,,,,,,,,Rater_0Rater_1,Rater_0Rater_1,,,,,,,,,,,,,,,
77,,,,,,,,,,,,,,,,,,,,,,,,,,,,,,Rater_0Rater_1,,,,,,,,,Rater_0Rater_1,,,,,,
78,,,,,,,,,,,,,,,,,,,,,,,,,,,,,,Rater_0Rater_1,,,,,,,,,Rater_0Rater_1,,,,,,
79,,,Rater_0Rater_1,,,,,,,,,,,,,,,,,,,,,,,,,,,Rater_0Rater_1,,,,,,,,,Rater_0Rater_1,,,,,,
80,,,,,,,Rater_0Rater_1,,,,,,,,,,,,,,,,,,,,,,,Rater_0Rater_1,,,,,,,,,Rater_0Rater_1,,,,,,
81,,,,,,,,,,,,,,,,,,,,,,,,,,,,,,Rater_0Rater_1,,,,,,,,,,,,,,,
82,,,,Rater_0Rater_1,,,,,,,,,Rater_0Rater_1,,,,,,,Rater_0Rater_1,,,Rater_0Rater_1,,,,,,,Rater_0Rater_1,,Rater_0Rater_1,,,,,,,,Rater_0Rater_1,,,,,
83,Rater_0Rater_1,,,,,,,Rater_0Rater_1,,,,,,,,,,,,,Rater_0Rater_1,,,,,,,,,,,,,,,,,,,,,,,,
84,,,,,,,,,,,,,,,,,,,,,,,Rater_0Rater_1,,,,,,,,,,,,Rater_0Rater_1,,,,,,,,,,
85,,,,,,,,,,,,Rater_0Rater_1,,,,,,,,,,,,,,,,,,,,,,Rater_0Rater_1,,,,,,,,,,,
86,,,,,,,,,,,,,,,,,,,,,Rater_0Rater_1,,,,,,,,,,,,,,,,,,,,,,,,Rater_0Rater_1
87,,,,,,,,,,,,,,,,,,,,,,,,,,,,,,,,,,Rater_0Rater_1,,,,,,,,,,,
88,,,,,,,,,,,,Rater_0Rater_1,,,,,,,,,,,Rater_0Rater_1,,,,,,,,,,,,,,,Rater_0Rater_1,,,,,,,
89,,,,,,,,,,,,,,,,,Rater_0Rater_1,,,,,,,,,,,,,,,,,,,,,,,,,,,,
90,,,,,,,,,,,,,,,,,,,,,,,,,,,,,,,Rater_0Rater_1,,,,,,,,,,,,,Rater_0Rater_1,
91,Rater_0Rater_1,,,,,,,,,,,,,,,,,,,,,,,,,,,,,,,,,,,,,,,,,,,,
92,Rater_0Rater_1,,Rater_0Rater_1,,,,,,,,,,,,,,,,,,,,,,,,,,,,,,,,,,,,,,,,,,
93,,,,Rater_0Rater_1,,,,,,,,,,Rater_0Rater_1,,,,,,,,,Rater_0Rater_1,Rater_0Rater_1,,,,,Rater_0Rater_1,Rater_0Rater_1,,,,,,,,,,,,,,,
94,Rater_0Rater_1,,,,,,,,,,,,,,,,,,,,,,,,,,,,,,,,,,,,,,,,,,,,
95,,,,,,,,,,,,,,,,,,,,,,,,,,,,,,Rater_0Rater_1,,,,,,,,,,,,,,,
96,,,,Rater_0Rater_1,,,,,,,,,,,,,,,,,,,,,,,,,,,,,,,,,,,,,,,,,
97,Rater_0Rater_1,,,,,,,,,,,,,,,,,,,,,,,,,,,,,,,Rater_0Rater_1,,,,,,,,,,,,,
98,,Rater_0Rater_1,,,,,,Rater_0Rater_1,,,,,,,,,,,,,,,,,,,,,,,,,,,,,,,,,,,,,
99,Rater_0Rater_1,,,,,,,,,,,,,,,,,,,,,,,,,,,,,,,,,,,,,,,,,,,,
100,,,,,,,,,,,,,,,,,,,,,,,,,,,,,Rater_0Rater_2,,,,,,,,,,Rater_0Rater_2,,,,,Rater_1,
101,,,Rater_0Rater_1,,,,,,,,,,,,,,,,,,,,,,,,,,,,,,,,,,,,,,,,,,
102,Rater_0Rater_1,,Rater_0Rater_1,,,,,,,,,,,,,,,,,,,,,,,,,,,,,Rater_0Rater_1,,,,,,,,,,,,,
103,,,,,,,,,,,,,,,,,,,,,,,,,,,,,,,,Rater_0Rater_1,,Rater_0Rater_1,,,,,,,,,,,
104,Rater_0Rater_1,,,,,,,Rater_0Rater_1,,,,,,,,,,,,,,,,,,,,,,,,,,,,,,,Rater_0Rater_1,,,,,,
105,,,Rater_0Rater_1,,,,,,,,,,,,,,,,,,,,,,,,,,,,,,,,,,,,,,,,,,
106,,,,,,,,,,,,,,,,,,,,,,,,,,,,,,,,,,,,,,,Rater_0Rater_1,,,,,,
107,,,,,,,,,,,,,,,,,,,,,,,,,,,,,,,,,,Rater_0Rater_1,,,,,,,,,,,
108,,,,,,,,,,,,,,,,,,,,,,,,,,,,,,,,,,,Rater_0Rater_1,,,,,,,,,,
109,,,,,,,,,,,,,,,,,,,,,,,,,,,,,,,,,,Rater_0Rater_1,Rater_0Rater_1,,,,,,,,,,
110,,,Rater_0Rater_1,,,,,,,,,,,,,,,,,,,,,,,,,,Rater_0Rater_1,,,,,Rater_0Rater_1,,,,,Rater_0Rater_1,,,,,,
111,,,,,,,,,,,,,,,,,,,,,,,,,,,,,,,,,,,,,,,Rater_0Rater_1,,,,,,
112,,,Rater_0Rater_1,,,,,,,,,,,,,,,,,,,,,,,,,,,,,,,,,,,,,,,,,,
113,,,Rater_0Rater_1,,,,,,,,,,,,,,,,,,,,,,,,,,Rater_0Rater_1,,,,,Rater_0Rater_1,,,,,Rater_0Rater_1,,,,,,
114,,,,,,,,,,,,,,,Rater_0Rater_1,,,,,,,,,,,,,,,,,,,,,,,,,,,,,,
115,,,,Rater_0Rater_1,,,,,,,,,,,,,,,,,,,,,,,,,,,,,,,,,,,,,,,,,
116,Rater_0Rater_1,,,,,,,,,,,,Rater_0Rater_1,,,,,,,,,,,,,,,,,,,,,,,,,,,,,,,,
117,,,Rater_0Rater_1,,,,,,,Rater_0Rater_1,,,,,,,,,,,,,,,,,,,,,,,,,,,,,,,,,,,
118,,,,,,,,,,Rater_0Rater_1,,,,,,,,,,,,,,,,,,,,,,,,,,,,,,,,,,,
119,,,,,,,,,,,,,,,,,,,,,,,,,,,Rater_0Rater_1,,,,,,,,,,,,,,,,,,
120,,,,,,,,,,,,,,,,,,,,,,,,,,,,,,,,,,,,,,,,,,Rater_0Rater_1,,,
121,,,,,,,,,,,,,,,,,,,,,,,,,,,,,,,,Rater_0Rater_1,,,,,,,,,,,,,
122,,,,,,,,,,,,,,,,,,,,,,,,,,,,,,,,Rater_0Rater_1,,,,,,,,,,,,,
123,,,,,,,,,,,,,,,,,,,,,,,,,,,,,,Rater_0Rater_1,,,,,,,,,,,,,,,
124,Rater_0Rater_1,,,,,,,,,,,,,,,,,,,,,,,,,,Rater_0Rater_1,,,,,Rater_0Rater_1,,,,Rater_0Rater_1,,,,,,,,,
125,,,,,,,,,,,,,,,,,,,,,,,,,,,,,,,,,,,,,,,Rater_0Rater_1,,,,,Rater_0Rater_1,
126,,,,,,,,,,,,Rater_0Rater_1,,,,,,,,,Rater_0Rater_1,,,,,,Rater_0Rater_1,,,,,,,,,,,,,,,,,,
127,,,,,,,,,,Rater_0Rater_1,,,,,,,,,,,,,,,,,,,,,,,,,,,,,,,,,,,
128,,,,,,,,,,,,,,,,,,,,,,,,,,,,,,Rater_0Rater_1,,,,,,,,,,,,,,,
129,Rater_0Rater_1,,,,,,,,,,,,,,,,,,,,,,,,,,,,,,,,,,,,,,,,,,,,
130,,,,,,,,,,,,,,,,,,,,,,,,,,,,,,,,,,,Rater_0Rater_1,,,,,,,,,,
131,,,,,,,Rater_0Rater_1,,,,,,,,,,,,,,,,Rater_0Rater_1,,,,,,,,,,,,,,,,,,,,,,
132,,,Rater_0Rater_1,,,,,,,,,,,,,,,,,,,,,,,,,,,,,,,,,,,,,,,,,,
133,,,,,,,,,,Rater_0Rater_1,,,,,,,,,,,,,,,,,,,,,,,,,,,,,,,,,,,
134,,,,,,Rater_0Rater_1,,,,,,,,,,,,,,,,,,,,,,,,Rater_0Rater_1,,,,,,,,,,,,,,,
135,,,,,,,,,,,,,,,,,,,,,,,,,,,,,,,,Rater_0Rater_1,,,,,,,,,,,,,
136,,,,,,,,,,,,,,,,,,,,,,,,,,,,,,,,,,,,,,,Rater_0Rater_1,,,,,,
137,Rater_0Rater_1,,,,,,,,,,,,,,,,,,,,,,,,,,,,,Rater_0Rater_1,,Rater_0Rater_1,,,,,,,,,,,,,
138,,,,,,,,,,,,,,,,,Rater_0Rater_1,Rater_0Rater_1,,,,,,,,,,,,,,,,,,,,,,,,,,,
139,Rater_0Rater_1,,,,,,,,,,,,,,,,,,,,,,,,,,,,,,,,,Rater_0Rater_1,,,,,,,,,,,
140,Rater_0Rater_1,,,,,,,,,,,,,,,,,,,,,,,,,,,,,,,,,,,,,,,,,,,,
141,Rater_0Rater_1,,,,,,,,,,,,,,,,,,,,,,,,,,,,,,,,,,,,,,Rater_0Rater_1,,,,,,
142,,,,,,,,,,,,,,,,,,,,,,,,,,,,,,,,,,,,,,,Rater_0Rater_1,,,,,,
143,,,,,,,,,,,,,,,Rater_0Rater_1,,,,,,,,,,,,,,,,Rater_0Rater_1,,,,,Rater_0Rater_1,,,Rater_0Rater_1,,,,,,
144,,,Rater_0Rater_1,,,,,,,,,,,,,,,,,,,,,,,,,,,,,,,,,,,,,,,,,,
145,,,,Rater_0Rater_1,,,,,,,,,,,,,,,,,,,,,,,,,,,,,,,Rater_0Rater_1,,,,,,,,,,
146,,,Rater_0Rater_1,,,,,,,,,,,,,,,,,,,,Rater_0Rater_1,,,,,,,,,,,,,,,,,,,,,,
147,,,,,,,,,,,,,,,,,,,,,,,,,,,,,,,,,,,,,,,Rater_0Rater_1,,,,,,
148,,,Rater_0Rater_1,,,,,,,,,,,,,,,,,,,,,,,,Rater_0Rater_1,,,,,,,,,,,,Rater_0Rater_1,,,,,,
149,,,,,,,,,,,,,,,,,,,,,,,,,,,,,,,,Rater_0Rater_1,,,,,,,,,,,,,
150,,,,,,,,,,,,,,,,,,,,,,,,,,,,,,,,Rater_0Rater_1,,,,,,,,,,,,,
151,,,,,,Rater_0Rater_1,,Rater_0Rater_1,,,,,,,,,,,,,,,,Rater_0Rater_1,,,Rater_0Rater_1,,,Rater_0Rater_1,,Rater_0Rater_1,,,,,,,,,,,,,
152,,,,,,,,,,,,,,,,,,,,,,,,,,,,,,,,Rater_0Rater_1,,,,,,,,,,,,,
153,,,,,,,,,,,,Rater_0Rater_1,,,,,,,,,,,,,,,,,,,,,,,,,,,Rater_0Rater_1,,,,,,
154,Rater_0Rater_1,,,,,,Rater_0Rater_1,,,,,,,,,,,,,,,,,,,,,,,,,,,Rater_0Rater_1,,Rater_0Rater_1,,,Rater_0Rater_1,,,,,,
155,,,,,,,,,,,,,Rater_0Rater_1,,,,,,,,,,,,,,,,,,,,,,,,,,,,,,,,
156,Rater_0Rater_1,,,,,,,,,,,,,,,,,,,,,,,,,,,,,,,,,,,,,,,,,,,,
157,Rater_0Rater_1,,,,,,,,,,,,,,,,,,,,,,,,,,,,,,,,,,,,,,,,,,,,
158,,,,,,,,,,,,,,,,,,,,,,,,Rater_0Rater_1,,,,,,Rater_0Rater_1,,,,,,,,,Rater_0Rater_1,,,,,,
159,,,,,,,,,,,,,,,,,,,,,,,,,,,,,,,,,,Rater_0Rater_1,,,,,,,,,,,
160,,,,,,,,,,,,,,,,,,,,,,,,,,,,,,,,,Rater_0Rater_1,,,,,,,,,,,,
161,,,,,,,,,,,,,,,,,,,,,,,,,,,,,,,,Rater_0Rater_1,,,,,,,,,,,,,
162,,,,,,,,,,,,,,,,,,,,,,,,,,,,,,Rater_0Rater_1,,,,,,,,,,,,,,,
163,,,,,,,,,,,,,,,,,,,,,,,,,,,,,,,,,,,,,,,Rater_0Rater_1,,,,,,
164,,,,,,,,,,,,,,,,,,,,,Rater_0Rater_1,,,,,,,,,Rater_0Rater_1,,,,,,,,,,,,,,,
165,,,,,,,,,,,,,,,,,,,,,,,,,,,,,,,Rater_0Rater_1,,,,,,,,,,,,,,
166,,,,,,,Rater_0Rater_1,,,,,,,,,,,,,,,,,,,,,,,,,,,,,,,,,,,,,,
167,,,,,,Rater_0Rater_1,,,,,,,,,,,,,,,,,Rater_0Rater_1,,,,,,,,,,,,,,,,,,,,,,
168,,,,,,,,Rater_0Rater_1,,,,,,,,,,,,,,,,,,,,,,,,Rater_0Rater_1,,Rater_0Rater_1,,,,,,,,,,,
169,Rater_0Rater_1,,,,,,,,,,,,,,,,,,,,,,,,,,,,,,,,,,,,,,,,,,,,
170,,,,,,,,,,,,,,,,,,,,,,,,,,,,,,Rater_0Rater_1,,,,,,,,,,,,,,,
171,,,,,,,,,,,,,,,,,,,,,,,,,,,,,,,,Rater_0Rater_1,,,,,,Rater_0Rater_1,,,,,,,
172,,,,,,,,,,,,,,,,,,,,,,,,,,,,,,,,,,,,,,Rater_0Rater_1,,,,,,,
173,Rater_0Rater_1,,,,,,,,,,,Rater_0Rater_1,,,,,Rater_0Rater_1,,,,,,,,,,,,,,,,,,,,,Rater_0Rater_1,,,,,,,
174,,,,,,,,,,,,,,,,,,,,,,,,,,,,,,,,,,,,,,,Rater_0Rater_1,,,,,,
175,,,,Rater_0Rater_1,,,,,,,,,Rater_0Rater_1,,,,,,,,Rater_0Rater_1,,,,,,,,Rater_0Rater_1,Rater_0Rater_1,,,,,,,,,Rater_0Rater_1,,,,Rater_0Rater_1,,
176,,,,,,,,,,,,,,,,,,,,,Rater_0Rater_1,,,,,,,,,,,,,,,,,,,,,,,,
177,,,,,,,Rater_0Rater_1,Rater_0Rater_1,,,,,,,,,,,,,,,,,,,,,,,,,,,,,,,,,,,,,
178,Rater_0Rater_1,,,,,,,,,,,,,,,,,,,,,,,,,,,,,,,,,,,,,,,,,,,,
179,,,,,,,,,,,,Rater_0Rater_1,,,,,,,,,,,,,,,,,,,,,,,,,,,,,,,,,
180,Rater_0Rater_1,,,,,,,,,,,Rater_0Rater_1,,,,,,,,,,,,,,,,,,,,,,,,,,,,,,,,,
181,,,,,,,,,,,,,,,,,,,,,,,,,,,,,,Rater_0Rater_1,,,,,,,,,,,,,,,
182,,,,,,,,,,,,,,,,,,,,,,,,,,,,,,Rater_0Rater_1,,,,,,,,,,,,,,,
183,,,Rater_0Rater_1,,,,,,,,,,,,,,,,,,,,,,,,,,,Rater_0Rater_1,,,,,,,,,,,,,,,
184,Rater_0Rater_1,,,,,,,,,,,,,,,,,,,,,,,,,,Rater_0Rater_1,,,Rater_0Rater_1,,Rater_0Rater_1,,,,,,,,,,,,,
185,,,,,,,,,,,,,,,,,,,,,,,,,,,,,,,,,,,,,,,,Rater_0Rater_1,,,,,
186,,,,,,,,,,,,,,,Rater_0Rater_1,,,,,,Rater_0Rater_1,,,,,,,,,,,,,,,,,,,,,,,,
187,,,,,,,,,,,,,,,,,,,,,Rater_0Rater_1,,,Rater_0Rater_1,,,,,,,,,,,,,,Rater_0Rater_1,,,,,,,
188,,,,,,,,,,,,,,,,,,,,,,,,,,,,,,,,Rater_0Rater_1,,,,,,,,,,,,,
189,,,,,,,,,,,,,,,,,,Rater_0Rater_1,,,Rater_0Rater_1,,,,,,,,,Rater_0Rater_1,,,,,Rater_0Rater_1,,,,,,Rater_0Rater_1,Rater_0Rater_1,,,
190,,,,,,,,,,,,,,,,,,,,,Rater_0Rater_1,,,,,,,,,,,,,,,,,,,,,,,,
191,,,,,,,,,,,,,,,,,,,,,,,,,,,,,,,,Rater_0Rater_1,,,,,,,,,,,,,
192,,,,,,,,,,,,,,,,,,,,,,,,,,,,,,,,,,,,,,,,,,,,,
193,,,,,,,,,,,,,,,,,,,,,,,,Rater_0Rater_1,,,,,,,,,,,,,,Rater_0Rater_1,,,,,,,
194,,,,,,,,,,,,,,,,,,,,,,,,,,,,,,,,,,,,,,,,,Rater_0Rater_1,Rater_0Rater_1,,,
195,Rater_0Rater_1,,,,,Rater_0Rater_1,,,,,,,,,,,,,,,,,,,,,,,,,,,,,,,,,,,,,,,
196,Rater_0Rater_1,,,,,,,,,,,,,,,,,,,,,,,,,,,,,,,,,,,,,,Rater_0Rater_1,,,,,,
197,,,,,,Rater_0Rater_1,,,,,,,Rater_0Rater_1,,,,,,,,,,,,,,,,,,Rater_0Rater_1,,,Rater_0Rater_1,,,,,,,,,,,
198,,,,,,,,,,,,,,,,,,,,,,,,,,,,,,,Rater_0Rater_1,,,,,,,,,,,Rater_0Rater_1,,Rater_0Rater_1,
199,Rater_0Rater_1,,,,,,,,,,,,,,,,,,,,,,,,,,,,,,,,,,,,,,,,,,,,
200,,,,,,,,,,,,,,,,,,,,,,,,,,,,,,,,Rater_0Rater_1,,,,,,,,,,,,,
201,,,,,,,,,,,,,,,,,,,,,,,,,,,,,,,,Rater_0Rater_1,,,,,,,,,,,,,
202,Rater_0Rater_1,,,,,,Rater_0Rater_1,,,,,,,,,,,,,,,,Rater_0Rater_1,,,,,,,,,,,,,,,Rater_0Rater_1,,,,,,,
203,,,,,,Rater_0Rater_1,,,,,,,,,,,,,,,,,,,,,,,,,,,,,,,,,,,,,,,
204,,,,,,,,Rater_0Rater_1,,,,,,,,,,,,,,,,,,,,,,,,,,,,,,,,,,,,,
205,Rater_0Rater_1,,,,,,,,,,,,,,,,,,,,,,,Rater_0Rater_1,,,,,Rater_0Rater_1,,,,,,,,,,,,,,,,
206,,,Rater_0Rater_1,,,Rater_0Rater_1,,,,,,,,,,,,,,,,,,,,,,,Rater_0Rater_1,Rater_0Rater_1,,,,Rater_0Rater_1,,,,,,,,,,Rater_0Rater_1,
207,,,,,,,,,,,,,,,,,,,,,,,,,,,,,,,,,,Rater_0Rater_1,,Rater_0Rater_1,,,,,,,,,
208,,,,,,,,,,,,,,,,,,,,,,,,,,,,,,,,Rater_0Rater_1,,,,,,,,,,,,,
209,,,,,,Rater_0Rater_1,,,,,,,,,,,,,,,,,,,,,,,,,Rater_0Rater_1,,,,,,,,,,,,,,
210,,,,,,,,,,,,Rater_0Rater_1,,,,,,,Rater_0Rater_1,,,,,,,,,,,,,,,,,,,,,,,,,,
211,,,,,,,,,,,,,,,,,,,,,,,,,,,,,,,,Rater_0Rater_1,,,,,,,,,,,,,
212,,,,Rater_0Rater_1,,,,,,,,Rater_0Rater_1,,,,,,,,,,,,,,,,,,,,,,,,,,,,,,,,,
213,Rater_0Rater_1,,,,,,,,,,,,,,,,,,,,,,,,,,,,,,,,,,,,,,,,,,,,
214,,,,,,,,,,,,,,,,,,,,,,,,Rater_0Rater_1,,,,,,,,,,,,,,,,,,,,,
215,,,,,,,,,,,,Rater_0Rater_1,,,,,,,,,,,,,,,Rater_0Rater_1,,,,,,,,,,,,,,,,,,
216,,,Rater_0Rater_1,,,,,,,,,,,,,,,,,,,,,,,,,,,Rater_0Rater_1,,,,,,,,,,,,,,,
217,,,,,,,,,,,,,Rater_0Rater_1,,,,,,,,,,,,,,,,,,,,,,,,,,,,,,,,
218,,,,,,,,,,,,,,,,,,,,,,,,,,,,,,,,,,,,,,,,,,,,Rater_0Rater_1,
219,,,,,,,,,,,,,,,,,,,,,,,,,,,,,,,,Rater_0Rater_1,,,,,,Rater_0Rater_1,,,,,,,
220,,,Rater_0Rater_1,,,,,,,,,,,,,,,,,,,,Rater_0Rater_1,,,,,,,,,,,,,,,,,,,,,,
221,,,,,,,,,,,,,Rater_0Rater_1,,,,,,,,,,,,,,,,,,,Rater_0Rater_1,,,,,,,,,Rater_0Rater_1,,,,
222,,,,,,,,,,,,,,,,,,,,,,,,,,,,,,Rater_0Rater_1,,,,,,,,,,,,,,,
223,Rater_0Rater_1,,,,,Rater_0Rater_1,,,,,,,,,,,,,,,,,,,,,,,,,,,,,,,,,,Rater_0Rater_1,,,,Rater_0Rater_1,
224,,,Rater_0Rater_1,,,,,,,,,,,,,,,,,,,,,,,,Rater_0Rater_1,,,,,,,,,,,,,,,,,,
225,Rater_0Rater_1,,,,,,,,,,,,,,,,,,,,,,,,,,,,,,,,,,,,,,,,,,,,
226,,,,,,,,,,,,Rater_0Rater_1,,,,,,,,,,,,,,,,,,,,,,,,,,,,,,,,,
227,,,,,,,,Rater_0Rater_1,,,,,,,,,,,,,,,,,,,,,,,,,,,,,,,,,,,,,
228,,,,,,,,,,,,,,,,,,,,,,,,,,,,,,,,,,,,,,,Rater_0Rater_1,,,,,,
229,Rater_0Rater_1,,,,,,,Rater_0Rater_1,,,,,,,,,,,,,,,,,,,,,,,,,,,,,,,,,,,,,
230,Rater_0Rater_1,,,,,,,,,,,,,,,,,,,,,,,,,,,,,,,,,,,,,,,,,,,,
231,,,,,,,,,,,,,,,,,,,,,,,,,,,,,,,,Rater_0Rater_1,,,,,,,,,,,,,
232,,,Rater_0Rater_1,,,,,,,,,,,Rater_0Rater_1,,,,,,,,,,,,,,,,,,,,,,,,,,,,,,,
233,,,,,,,,,,,,,Rater_0Rater_1,,,,,,,,,,,,,,,,,,,,,,,,,,,,,,,,
234,,,,,,,,,,,,,,,,,,,Rater_0Rater_1,,Rater_0Rater_1,,Rater_0Rater_1,,,,Rater_0Rater_1,,,Rater_0Rater_1,,Rater_0Rater_1,,,,Rater_0Rater_1,,Rater_0Rater_1,,,,Rater_0Rater_1,Rater_0Rater_1,,
235,,,,,,,,,,,,,,,,,,,,,,,,,,,,,,,,,,,,,,,Rater_0Rater_1,,,,,,
236,Rater_0Rater_1,,,,,,,,,,,,,,,,,,,,,,,,,,,,,,,,,,,,,,,,,,,,
237,,,,,,,,,,,,,,,,,,,,,,,,,,,,,,,,Rater_0Rater_1,,,,,,,,,,,,,
238,,,,,,,,,,,,,,,Rater_0Rater_1,,,,,,,,,,,,,,,,,,,,,,,,,,,,,,
239,,,,,,,,,,,,,,,,,,,,,,,,,,,,,,,,,,,,,,,,,,,,,
240,,,,,,,,,,,,,,,,,,,,,,,,,,,,,,,,,,Rater_0Rater_1,,,,,,,,,,,
241,,,,,,,,,,,,Rater_0Rater_1,,,,,,,,,Rater_0Rater_1,,Rater_0Rater_1,,,,,,Rater_0Rater_1,,,,,,,,,,Rater_0Rater_1,,,,,,
242,,,,,,,,,,,,,,,,,,,,,,,,,,,,,,,,,,,,,,,Rater_0Rater_1,,,,,,
243,,,,,,,,,,,,,,,,,,,,,Rater_0Rater_1,,,,,,,,,,,,,,,,,,,,,,,,
244,,,Rater_0Rater_1,,,,,,,,,,,,,,,,,,,,,,,,,,,,,,,,,,,,,,,,,,
245,,,Rater_0Rater_1,,,,,,,,,,,,,,,,,,,,,,,,,,,,,,,,,,,,,,,,,,
246,,,,,,,,,,,,,,,,,,,,,,,,,,,,,Rater_0Rater_1,,,,,,,,,,,,,,,,
247,,,,,,,,,,,,,,,,,,,,,,,,,,,Rater_0Rater_1,,,,,Rater_0Rater_1,,Rater_0Rater_1,Rater_0Rater_1,,,,,,,,,,Rater_0Rater_1
248,,,,,,Rater_0Rater_1,,,,,,,,,,,,,,,,,,,,,,,,,,,,,,,,,,,,,,,
249,Rater_0Rater_1,,,,,,,,,,,,Rater_0Rater_1,,,,,,,,,,,,,,,,,,,,,,,,,,,,,,,,
250,,,,,,,Rater_0Rater_1,,,,,,,,,,,,,,,,,,,,,,,,,,,Rater_0Rater_1,,,,,Rater_0Rater_1,,,,,,
251,,,,,,,,,,,,,,,,,,,Rater_0Rater_1,,,,,,,,,,,,,,,,,,,,,,,,,,
252,,,,,,,,,,,,Rater_1Rater_0,,,,,,,,,Rater_1Rater_0,,,,,,,,,,,,,,Rater_1Rater_0,,,,,,,,,,
253,,,Rater_1Rater_0,,,,,,,,,,,,,,,,,,,,,,,,,,,,,,,,,,,,Rater_1Rater_0,,,,,,
254,,,Rater_1Rater_0,,,,,,,,,,,,,,,,,,,,,,,,,,,,,,,,,,,,,,,,,,
255,,,,,,,,,,,,,,,,,,,,,,,,,,,,,,,,,,,,,,Rater_1Rater_0,,,,,,,
256,,,,,,,,Rater_1Rater_0,,,,,Rater_1Rater_0,,,,,,,,,,,,,,,,,,,,,,,,,,Rater_1Rater_0,,,,,,
257,Rater_1Rater_0,,,,,,,,,,,,Rater_1Rater_0,,,,,,,,,,,,,,,,,,,,,,,,,,,,,,,,
258,,,,,,,,,,,,,,,,,,,,,,,,,,,,,,,,,,,,,,Rater_1Rater_0,,,,,,,
259,,,,,,,,Rater_1Rater_0,,,,,,,,,,,,,,,,,,,,,,,,,,,,,,,Rater_1Rater_0,,,,,,
260,,,,,,,,Rater_1Rater_0,,,,Rater_1Rater_0,,,,,,,,,,,,,,,,,,,,,,,,,,,,,,,,,
261,,,Rater_1Rater_0,,,,,,,,,,,,,,,,,,,,,,,,,,,,,,,,,,,,,,,,,,
262,,,,,,,,Rater_1Rater_0,,,,,,,,,,,,,,,,,,,,,,,,,,,,,,,,,,,,,
263,,,,,,,,,,,,,,,,,,,,,,,,,,,,,,,,Rater_1Rater_0,,,,,,,,,,,,,
264,,,Rater_1Rater_0,,,,,,,,,,,,,,,,,,Rater_1Rater_0,,,,,,,,,,,,,Rater_1Rater_0,,,,,,,,,,,
265,,,,,,,,Rater_1Rater_0,,,,,,,,,,,,,,,,,,,,,,,,,,Rater_1Rater_0,,,,,,,,,,,
266,Rater_1Rater_0,,,,,,,,,,,,,,,,,,,,,,,,,,,,,,,,,Rater_1Rater_0,,,,,,,,,,,
267,,,,,,,,,,,,Rater_1Rater_0,,,,,,,,,,,,,,,,,,,,,,,,,,,,,,,,,
268,,,,,,,,,,Rater_1Rater_0,,,,,,,,,,,,,,,,,,,,,,,,,,,,,,,,,,,
269,,,,,,,,,,,,,,,,,,,,,,,,,,,,,,,,Rater_1Rater_0,,,,,,,,,,,,,
270,,,,,,,,,,,,,,,Rater_1Rater_0,,,Rater_1Rater_0,,,,,,,,,,,,,,,,,,,,,,,,,,,
271,,,,,,,,,,,,,,,,,,,,,,,,,,,,,,Rater_1Rater_0,,,,,,,,,,,,,,,
272,,,,,,,,,,,,Rater_1Rater_0,,,,,,,,,,,,,,,,,,,,,,,,,,,,,,,,,
273,,,,,,,,,,,,,,,,,,,,,,,,,,,,,,,,Rater_1Rater_0,,,,,,,,,,,,,
274,,,,,,,,Rater_1Rater_0,,,,,,,,,,,,,,,,,,,,,,,,,,,,,,,,,,,,,
275,,,,,,,,,,,,,,,,,,,,,Rater_1Rater_0,,,,,,,,,,,,,,,,,,,,,,,,
276,,,,,,,,,,,,,,,,,,,,,,,,,,,,,,,,,,,Rater_1Rater_0,,,,,,,,,,
277,,,,,,,,,,,,,,,,,,,Rater_1Rater_0,,,,Rater_1Rater_0,,,,,,,,,,,,,,,Rater_1Rater_0,,,,,,,
278,,,,,,,,,,,,,,,,,,,,,Rater_1Rater_0,,Rater_1Rater_0,,,,,,,,,Rater_1Rater_0,,,,,,Rater_1Rater_0,,,,,,,
279,,,,,,,,,,,,,,,,,,,,,,,Rater_1Rater_0,,,,,,,,,,,,,,,,,,,,,,
280,,,,,,,,,,,,Rater_1Rater_0,Rater_1Rater_0,,,,Rater_1Rater_0,,,,,,Rater_1Rater_0,,,,,,,,,,,Rater_1Rater_0,,Rater_1Rater_0,,,Rater_1Rater_0,,,,,,
281,,,,,,,,,,,,Rater_1Rater_0,,,,,,,,,,,Rater_1Rater_0,,,,,,,,,,,,,,,,,,,,,,
282,,,,,,,,,,,,,Rater_1Rater_0,,,,,,,,,,,,,,,,,,,,,,,,,,,,,,,,
283,,,Rater_1Rater_0,,,,,,,,,,,,,,,,,,,,,,,,,,,,,,,,,,,,,,,,,,
284,,,,,,,,,,,,,,,,,,,,,Rater_1Rater_0,,,,,,,,,,,,,,,,,,,,,,,,
285,,,,,,,,,,,,,,,,,,,,,,,,,,,,,,,,,,,,,,Rater_1Rater_0,,,,,,,
286,,,,,,,,,,,,Rater_1Rater_0,,,,,,,,,,,,,,,,,,,,,,,,,,Rater_1Rater_0,,,,,,,
287,,,,,,,,,,,,,,,,,Rater_1Rater_0,,,,,,,,,,,,,,,,,,,,,,,,,,,,
288,,,Rater_1Rater_0,,,,,,,,,,,,,,,,,,,,,,,,,,,,,,,,,,,,,,,,,,
289,,,,,,,,,,,,,,,,,,,,,Rater_1Rater_0,,,Rater_1Rater_0,,,,,,Rater_1Rater_0,,,,,,Rater_1Rater_0,,Rater_1Rater_0,,,,,,,
290,,,,,,,,Rater_1Rater_0,,,,Rater_1Rater_0,,,Rater_1Rater_0,,,,,,,,,,,,,,,,,,,,,,,,,,,,,,
291,,,,,,,,,,,,Rater_1Rater_0,,,,,,,,,,,,,,,,,,,,,,,,,,Rater_1Rater_0,,,,,Rater_1Rater_0,,
292,,,,,,,,,,,,,,,,,,,,,Rater_1Rater_0,,,,,,,,,,,,,,,,,,Rater_1Rater_0,,,,,,
293,,,,,,,,,,,,Rater_1Rater_0,,,Rater_1Rater_0,,,,,,,,Rater_1Rater_0,,,,,,,,,,,,,,,,,,,,,,
294,,,,,,,,,,,,,,,,,,,,,,,,,,,,,,,,,,,,,,,Rater_1Rater_0,,,,,,
295,,,,,,,,,,,,,,,,,,,,,,,Rater_1Rater_0,,,,,,,,,,,,,,,,,,,,,,
296,,,,,,,,,,,,,,,,,,,,,,,,,,,Rater_1Rater_0,,,,,,,,,,,,,,,,,,
297,,,,,,,,,,,,,,,,,,,,,,,,,,,,,,,,,,,,,,,Rater_1Rater_0,,,,,,
298,,,Rater_1Rater_0,,,,,,,,,,,,,,,,,,,,,,,,,,,,,,,,,,,,,,,,,,
299,,,,,,,,,,,,,Rater_1Rater_0,,,,,,,,,,,,,,,,,,,,,,Rater_1Rater_0,,,,,,,,,,
300,Rater_1Rater_0,,,,,,,,,,,,Rater_1Rater_0,,,,,,,,,,,,,,,,,,,,,,,,,,,,,,,,
301,,,,,,,,,,,,,,,,,,,,,Rater_1Rater_0,,,,,,,,,,,,,,,,,,,,,,,,
302,,,,,,,,,,,,Rater_1Rater_0,,,,,,,,,,,,,,,,,,,,,,,,,,,,,,,,,
303,,,,,,,,,,,,,,,,,,,,,Rater_1Rater_0,,,,,,,,,,,,,,,,,,,,,,,,
304,,,,,,,,,,,,,Rater_1Rater_0,,,,,,,,,,,,,,,,,,,,,,,,,,,,,,,,
305,Rater_1Rater_0,,,,,,,,,,,,Rater_1Rater_0,,,,Rater_1Rater_0,,,,Rater_1Rater_0,,,,,,,,,,,,,,,,,Rater_1Rater_0,,,,,,,
306,,,,,,,,,,,,,Rater_1Rater_0,,,,,,,,Rater_1Rater_0,,,,,,,,,,,,,,,,,Rater_1Rater_0,,,,,,,
307,Rater_1Rater_0,,,,,,,,,,,,,,,,,,,,,,,,,,,,,,,,,,,,,,,,,,,,
308,,,,,,,,,,,,Rater_1Rater_0,,,,,,,,,,,,,,,,,,,,,,,,,,,,,,,,,
309,,,,,,,,,,,,,,,,,,,,,,,,,,,,,,,,Rater_1Rater_0,,,,,,,,,,,,,
310,,,,,,,,,,,,,,,,,,,,,,,,,,,,,,,,Rater_1Rater_0,,,,Rater_1Rater_0,,,,,,,,,
311,,,,,,,,,,,,,,,,,,,,,,,,,,,,,,,,Rater_1Rater_0,,,,,,,,,,,,,
312,,,,,,,,,,,,,,,,,,,,,,,,,,,,,,,,Rater_1Rater_0,,,,Rater_1Rater_0,,,,,,,,,
313,,,,,,,,,,,,,,,,,,,,,,,,,,,,,,Rater_1Rater_0,,,,,,,,,,,,,,,
314,,,,,,,,Rater_1Rater_0,,,,,,,,,,,,,,,,,,,,,,,,,,,,,,,,,,,,,
315,,,,,,,,,,,,,,,Rater_1Rater_0,,,,,,,,,,,,,,,,,,,,,,,,,,,,,,
316,,,,,,,,,,,,,,,Rater_1Rater_0,,,,,,,,,,,,,,,,,,,,,,,,,,,,,,
317,,,,,,,,,,,,,,,,,,,,,,,,,,,,Rater_1Rater_0,,,,,,,,,,,,,,,,,
318,Rater_1Rater_0,,,,,,,,,,,,Rater_1Rater_0,,,,,,,,,,,,,,,,,,,,,,,,,,,,,,,,
319,,,,Rater_1Rater_0,,,,,,,,Rater_1Rater_0,,,,,,,,,,,,,,,,,,,,,,,,,,,,,,,,,
320,,,,,,,,,,,,,,,,,,,,,Rater_1Rater_0,,Rater_1Rater_0,,,,,,,,,,,,,,,,,,,,,,
321,,,,,,,,,,,,Rater_1Rater_0,Rater_1Rater_0,,,,,,,,,,,,,,,,,,,Rater_1Rater_0,,,,,,,Rater_1Rater_0,,,,,,
322,,,,,,,,,,,,,,,,,,,,,,,,,,,,,,,,Rater_1Rater_0,,,,,,,,,,,,,
323,,,,,,,,,,,,,,,,,,,,,,,,,,,,,,,,Rater_1Rater_0,,,,,,,,,,,,,
324,,,,,,,,,,,,,,,,,,,,,Rater_1Rater_0,,,,,,,,,,,,,,,,,,,,,,,,
325,,,,,,,,,,,,,,,,,,,,,,,,,,,,,,Rater_1Rater_0,,,,,,Rater_1Rater_0,,,,,,,,,
326,,,,,,,,,,,,,,,Rater_1Rater_0,,,,,,,,,,,,,,,,,,,,,,,,,,,,,,
327,Rater_1Rater_0,,,,,,,,,,,Rater_1Rater_0,,,,,,,,,Rater_1Rater_0,,,,,,,,,,,,,,,,,,,,,,,,
328,,,,,,,,,,,,Rater_1Rater_0,,,,,,,,,,,,,,,,,,,,,,,,,,,,,,,,,
329,Rater_1Rater_0,,,,,,,,,,,,,,,,,,,,,,,,,,,,,,,,,,,,,,,,,,,,
330,,,,,,,,,,,,,,,,,,,,,,,,,,,,,,Rater_1Rater_0,,,,,,,,,,,,,,,
331,Rater_1Rater_0,,,,,,,,,,,,,,,,,,,,,,,,,,,,,,,,,,,,,,,,,,,,
332,,,,,,,,,,,,,,,,,,,,,,,,,,,,,,,,,,,,Rater_1Rater_0,,,,,,,,,
333,,,,,,,,,,,,,,,,,,,,,,,,,,,,,,,,Rater_1Rater_0,,,,,,,,,,,,,
334,,,,,,,,,,,,,,,,,,,,,,,,,,,,,,,,Rater_1Rater_0,,,,,,,,,,,,,
335,,,,,,,,Rater_1Rater_0,,,,,,,,,,,,,,,,,,,,,,,Rater_1Rater_0,Rater_1Rater_0,,,,,,Rater_1Rater_0,,,,,,,
336,,,,,,,,,,,,Rater_1Rater_0,,,,,,,,,,,,,,,,,,,Rater_1Rater_0,,,,,,,,,,,,,,
337,,,Rater_1Rater_0,,,,,,,,,,,,,,,,,,,,,,,,,,,,,,,,,,,,,,,,,,
338,,,,,,,,,,,,,,,,,,,,,,,,,,,,,,,,,,,,Rater_1Rater_0,,,,,,,,,
339,,,,,,,,,,,,,,,,,,,,,,,,,,,,,,,,,,,,,,,Rater_1Rater_0,,,,,,
340,,,,,,,,,,,,,,,,,,,,,,,,,,,,,,,,,,,,,,,Rater_1Rater_0,,,,,,
341,,,,,,,,,,,,,Rater_1Rater_0,,,,,,,,,,,,,,,,,,,,,,,,,,,,,,,,
342,,,,,,,,,,,,,,,,,,,,,,,,,,,,,,,,,,,,,,,Rater_1Rater_0,,,,,,
343,,,,,,,,,,,,,,,,,,,,,Rater_1Rater_0,,,,,,,,,,,,,,,,,,,,,,,,
344,,,,,,,,,,,,Rater_1Rater_0,,,,,,,,,Rater_1Rater_0,,,,,,,,,,Rater_1Rater_0,Rater_1Rater_0,,,,,,,,,,,,,
345,,,,,,,,,,,,,,,,,,,,,,,Rater_1Rater_0,,,,,,,,,,,,,,,,,,,,,,
346,,,,,,,,,,,,,,,,,,,,,Rater_1Rater_0,,,,,,,,,,,Rater_1Rater_0,,,,,,,,,,,,,
347,,,,,,,,,,,,,Rater_1Rater_0,,,,,,,,,,,,,,,,,,Rater_1Rater_0,,,,,,,,,,,,,,
348,,,,,,,,,,,,,Rater_1Rater_0,,Rater_1Rater_0,,,,,,,,,,,,,,,,,,,,,,,,,,,,,,
349,,,,,,,,,,,,,Rater_1Rater_0,,Rater_1Rater_0,,Rater_1Rater_0,,,,,,,,,,,,,,Rater_1Rater_0,,,,,,,,,,,,,,
350,,,,,,,,Rater_1Rater_0,,,,,,,,,,,,,,,,,,,,,,,,,,,,,,,,,,,,,
351,,,,,,,,,,,,,,,,,,,,,Rater_1Rater_0,,,,,,,,,,,,,,,,,,Rater_1Rater_0,,,,,,
352,,,,,,,,,,,,,,,,,,,,,,,,,,,,,,,,Rater_1Rater_0,,,,,,,,,,,,,
353,,,,,,,,,,,,,Rater_1Rater_0,,,,,,,,,,,,,,,,,,,,,,,,,,,,,,,,
354,,,,,,,,,,,,,,,,,Rater_1Rater_0,,Rater_1Rater_0,,,,,,,,,,,Rater_1Rater_0,,,,,,,,,,,,,,,
355,,,,,,,,,,,,,,,,,,,,,,,,,,,,,,,,Rater_1Rater_0,,,,,,,,,,,,,
356,,,,,,,,Rater_1Rater_0,,,,,,,,,,,,,,,,,,,,,,,,,,,,,,,Rater_1Rater_0,,,,,,
357,,,,,,,,,,,,,,,,,,,,,,,,,,,,,,,,Rater_1Rater_0,,,,,,,,,,,,,
358,,,,,,,,,,,,,,,,,,,,,,,,Rater_1Rater_0,,,,,,,,,,,,,,,,,,,,,
359,,,,,,,,,,,,,,,,,,,,,,,,,,,,,,,,,,,,Rater_1Rater_0,,,,,,,,,
360,,,,,,,,,,,,,,,,,,,,,,,,,,,,,,,Rater_1Rater_0,,,,,,,,,,,,,,
361,,,Rater_1Rater_0,,,,,,,,,,,,,,,,,,,,,Rater_1Rater_0,,,,,,,,,,,,,,,,,,,,,
362,,,,,,,,,,,,,,,,,,,,,Rater_1Rater_0,,,,,,,,,,,,,,,,,,,,,,,,
363,,,,,,,,,,,,,,,,,,,,,,,,,,,,,,,,,,,,,,,Rater_1Rater_0,,,,,,
364,,,Rater_1Rater_0,,,,,,,,,,,,,,,,,,,,,,,,,,,,,,,,,,,,,,,,,,
365,,,,,,,,,,,,,,,,,,,,,,,,,,,,,,,,Rater_1Rater_0,,,,,,,,,,,,,
366,,,,,,,,,,,,,,,,,,,,,,,,,,,Rater_1Rater_0,,,,,,,,,,,,,,,,,,
367,,,,,,,,,,,,Rater_1Rater_0,,,,,,,,,,,,,,,,,,,,,,,,,,,,,,,,,
368,,,,,,,,,,,,,,,,,,,,,,,,,,,Rater_1Rater_0,,,,,,,,,,,,,,,,,,
369,Rater_1Rater_0,,,,,,,Rater_1Rater_0,,,,,Rater_1Rater_0,,,,,,,,,,,,,,,,,,,,,,,,,,,,,,,,
370,,,,,,,,,,,,,,,,,,,,,,,,,,,,,,,,,,,,,,,Rater_1Rater_0,,,,,,
371,,,Rater_1Rater_0,,,,,,,,,,,,,,,,,,,,,,,,,,,,,,,,,,,,,,,,,,
372,,,,,,,,,,,,,,,,,,,,,Rater_1Rater_0,,,,,,,,,,,,,,,,,,,,,,,,
373,Rater_1Rater_0,,,,,,,,,,,,Rater_1Rater_0,,,,,,,,,,,,,,,,,,,,,,,,,,,,,,,,
374,,,,,,,Rater_1Rater_0,,,,,Rater_1Rater_0,,,,,,,,,,,,,,,,,,Rater_1Rater_0,,,,,,Rater_1Rater_0,,,,,,,,,
375,,,,,,,,,,,,,,,,,,,Rater_1Rater_0,,,,,,,,,,,,,,,,,,,,,,,,,,
376,,,,,,,,Rater_1Rater_0,,,,,,,,,,,,,,,,,,,,,,,,,,,,,,,,,,,,,
377,,,,,,,Rater_1Rater_0,,,,,,,,,,,,,,,,,,,,,,,,,,,,,,,,,,,,,,
