,feature,platform,bug fix,debug,cross,preprocessing,model chng,training chng,accuracy,performance,security,maintainance,add module,move module,remove module,split module,add package,remove package,update package,liscence,clean up,token replace,refactor,indent,branch,external,merge,versionning,source control,build/config,testing,documentation,internationalization,input data,output data,program data,exploit additionnal data,understanding,param tinkering,sharing,Compatibility Fix,Validity Assurance(Deprecated),evaluating chng(Deprecated),param list chng,add config,"revert(deprecated, merge with source control)",util optimization(Deprecated)
0,Rater_1Rater_0,,,,,,,,,,,,,,,,Rater_1Rater_0,,,,,,,,,,,,,,,,,,,,,,,,,,,,,,
1,Rater_1Rater_0,,,,,,,,,,,,,,,,Rater_1Rater_0,,,,,,,,,,,,,,,,,,,,,,,,,,,,,,
2,Rater_1Rater_0,,,,,,,,,,,,,,,,Rater_1Rater_0,,,,,,,,,,,,,,,,,,,,,,,,,,,,,,
3,,,Rater_1Rater_0,,,,,,,,,,,,,,,,,,,,,,,,,,,,,,,,,,,,,,,,,,,,
4,,,,,,,,,,,,,,,,,,,,,Rater_1Rater_0,,,,,,,,,,,,,,,,,,,,,,,,,,
5,,Rater_2Rater_1Rater_0,,,,,,,,,,,,,,,,,,,,,,,,,,,,,,,,,,,,,,,,,,,,,
6,,,Rater_1Rater_0Rater_0,,,,,,,,,,,,,,,,,,,,,,,,,,,,,,,,,,,,,,,,,,,,
7,,,Rater_1Rater_0,,,,,,,,,,,,,,,,,,,,,,,,,,,,,,,,,,,,,,,,,,,,
8,,,,,,,,,,,,,,,,,,,Rater_1Rater_0,,,,,,,,,,,,,,,,,,,,,,,,,,,,
9,,,,,,,,,,,,,,,,,,,,,,,Rater_2Rater_1,Rater_2Rater_0,,,,,,,,,,,,,,,,,Rater_2Rater_0,,,,,,
10,,,,,,,,,,,,,,,,,,,,,,,,,,,Rater_1Rater_0,,,,,,,,,,,,,,,,,,,,
11,Rater_0Rater_1,,,,,,,,,,,,,,,,,,,,,,,,,,,,,,,,,,,,,,,,,,,,,,
12,,,,,,,,,,,,,,,,,,,,,,,,,,,Rater_2Rater_0,,,,,Rater_2Rater_1,,,,,,,,,,,,,,,
13,,,,,,,,,,,,,,,,,,,,,,,,,,,,,,Rater_2Rater_1,,Rater_2Rater_1Rater_0,,,,,,,,,,,,,,,
14,,,,,,,,,,,,,,,,,,,,,,,,,,,Rater_2Rater_0,,,,,Rater_2Rater_1,,,,,,,,,,,,,,,
15,,,,,,,,,,,,,,,,,,,,,,,,,,,,,,Rater_1Rater_0,,,,,,,,,,,,,,,,,
16,,,,,,,,,,,,,,,,,Rater_1Rater_0,,,,,,,,,,,,,,,,,,,,,,,,,,,,,,
17,,,,,,,,,,,,,,,,,,,,,,,,,,,,,,Rater_1Rater_0,,,,,,,,,,,,,,,,,
18,,,,,,,,,,,,,,,,,,,,,,,,,,,Rater_1Rater_0,,,,,,,,,,,,,,,,,,,,
19,,,,,,,,,,,,,,,,,,Rater_1Rater_0,,,,,,,,,,,,,,,,,,,,,,,,,,,,,
20,,,,,,,,,,,,,,,,,,,,,,,,,,,,,,,,Rater_1Rater_0,,,,,,,,,,,,,,,
21,,,,,,,,,,,,,,,,,,,,,,,,,,,,,,,,Rater_1Rater_0,,,,,,,,,,,,,,,
22,,,,,,,,,,,,,,,,,,,,,,,,,,,,,,Rater_1Rater_0,,,,,,,,,,,,,,,,,
23,,Rater_1Rater_0,,,,,,,,,,,,,,,,,,,,,,,,,,,,,,,,,,,,,,,,,,,,,
24,,,,,,,,,,,,,,,,,,,,,,,,,,,,,,,,Rater_1Rater_0,,,,,,,,,,,,,,,
25,,,,,,,,,,,,,,,,,,,,,,,,,,,,,,,,Rater_1Rater_0,,,,,,,,,,,,,,,
26,,,,,,,,,,,,,,,,,,,,,,,,,,,,,,,,Rater_1Rater_0,,,,,,,,,,,,,,,
27,,,Rater_1Rater_0,,,,,,,,,,,,,,,,,,,,,,,,,,,,,,,,,,,,,,,,,,,,
28,,,Rater_1Rater_0,,,,,,,,,,,,,,,,,,,,,,,,,,,,,,,,,,,,,,,,,,,,
29,,,Rater_1Rater_0,,,,,,,,,,,,,,,,,,,,,,,,,,,,,,,,,,,,,,,,,,,,
30,,,,,,,,,,,,,,,,,,,,,,,,,,,,,,,,Rater_2Rater_1Rater_0,,,,,,,,,,,,,,,
31,,,,,,,,,,,,,,,,,,,,,,,,,,,,,,,,Rater_2Rater_1Rater_0,,,,,,,,,,,,,,,
32,,,,,,,,,,,,,,,,,,,,,,,,,,,,,,,,Rater_2Rater_1Rater_0,,,,,,,,,,,,,,,
33,,,,,,,,,,,,,,,,,,,,,,,,,,,,,,,,Rater_2Rater_1Rater_0,,,,,,,,,,,,,,,
34,,,,,,,,,,,,,,,,,,,,,,,,,,,,,,,,Rater_2Rater_1Rater_0,,,,,,,,,,,,,,,
35,,,,,,,,,,,,,,,,,,,,,,,,,,,,,,,,Rater_1Rater_0,,,,,,,,,,,,,,,
36,,,,,,,,,,,,,,,,,,,,,,,,,,,,,,,,Rater_1Rater_0,,,,,,,,,,,,,,,
37,,,,,,,,,,,,,,,,,,,,,,,,,,,,,,,,,,,,,,,,,Rater_1Rater_0,,,,,,
38,,,,,,,,,,,,,,,,,,,,,,,,,,,,,,Rater_1Rater_0,,,,,,,,,,,,,,,,,
39,Rater_0Rater_1,,,,,,,,,,,,,,,,,,,,,,,,,,,,,,,,,,,,,,,,,,,,,,
40,,,,,,,,,,,,,,,,,,,,,,,,,,,,,,,,Rater_1Rater_0,,,,,,,,,,,,,,,
41,,,,,,,,,,,,,,,,,,,,,,,Rater_1Rater_0,,,,,,,,,,,,,,,,,,,,,,,,
42,,,,,,,,,,,,,,,,,,,,,,,,,,,,,,,,,,,,,,,,,Rater_1Rater_0,,,,,,
43,,,Rater_1Rater_0,,,,,,,,,,,,,,,,,,,,,,,,,,,,,,,,,,,,,,,,,,,,
44,,,,,,,,,,,,,,,,,,,,,,,Rater_1Rater_0,,,,,,,,,,,,,,,,,,,,,,,,
45,Rater_1Rater_0,,,,,,,,,,,,,,,,,,,,,,,,,,,,,,,,,,,,,,,,,,,,,,
46,Rater_1Rater_0,,,,,,,,,,,,,,,,,,,,,,,,,,,,,,,,,Rater_1Rater_0,,,,,,,,,,,,,
47,,,,,,,,Rater_1Rater_0,,,,,,,,,,,,,,,,,,,,,,,,,,,,,,,,,,,,,,,
48,Rater_1Rater_0,,,,,,,,,,,,,,,,,,,,,,,,,,,,,,,,,,,,,,,,,,,,,,
49,,,Rater_1Rater_0,,,,,,,,,Rater_1Rater_0,,,,,,,,,,,,,,,,,,,,,,,,,,,,,,,,,,,
50,,,Rater_1Rater_0,,,,,,,,,,,,,,,,,,,,,,,,,,,,,,,,,,,,,,,,,,,,
51,,,Rater_1Rater_0,,,,,,,,,,,,,,,,,,,,,,,,,,,,,,,,,,,,,,,,,,,,
52,,,,,,,,,,,,,,,,,,,,,,,,,,,,,,,,Rater_1Rater_0,,,,,,,,,,,,,,,
53,,,,,,,,,,,,,,,,,,,,,,,,,,,,,,Rater_1Rater_0,,Rater_1Rater_0,,,,,,,,,,,,,,,
54,,,,,,,,,,,,,,,,,,,,,,,,,,,,,,,,,,,,Rater_1Rater_0,,,,,,,,,,,
55,,,,,,,,,,,,,,,,,,,,,,,,,,,,,,,,Rater_2Rater_1Rater_0,,,,,,,,,,,,,,,
56,,,Rater_1Rater_0,,,,,,,,,,,,,,,,,,,,,,,,,,,,,,,,,,,,,,,,,,,,
57,,,Rater_1Rater_0,,,,,,,,,,,,,,,,,,,,,,,,,,,,,,,,,,,,,,,,,,,,
58,Rater_1Rater_0,,,,,,,,,,,,,,,,,,,,,,,,,,,,,,,,,,,,,,,,,,,,,,
59,,,,,,,,,,,,,,,,,,,Rater_1Rater_0,,,,,,,,,,,,,,,,,,,,,,,,,,,,
60,,,,,,,,,,,,,,,,,,,,,,,,,,,Rater_1Rater_0,,,,,,,,,,,,,,,,,,,,
61,,,,,,,,,,Rater_2Rater_1Rater_0,,,,,,,,,,,,,,,,,,,,,,,,,,,,,,,,,,,,,
62,,,,,,,,,,,,,,,,,,,,,,,,,,,,,,,,,,Rater_1Rater_0,,,,,,,,,,,,,
63,,,,,,,,,,,,Rater_1Rater_0,,,,,,,,,,,,,,,,,,,,,,Rater_1Rater_0,,,,,,,,,,,,,
64,,,,,,,,,,,,,,,,,,,,,,,,,,,,,,Rater_1Rater_0,,,,,,,,,,,,,,,,,
65,Rater_0Rater_1,,,,,,,,,,,,,,,,,,,,,,,,,,,,,,,,,,,,,,,,,,,,,,
66,,,,,,,,,,,,,,,,,,,,,,,Rater_1Rater_0,Rater_1Rater_0,,,,,,,,,,,,,,,,,,,,,,,
67,,,,,,,,,,,,,,,,,,Rater_1Rater_0,,,,,,,,,,,,,,,,,,,,,,,,,,,,,
68,,,,,,,,,,,,Rater_1Rater_0,,,,,,,,,,,,,,,,,,,,,,,,,,,,,,,,,,,
69,,,,,,,,,,,,,,,,,,,,,Rater_1Rater_0,,,,,,,,,,,,,,,,,,,,,,,,,,
70,,,Rater_0Rater_1,,,,,,,,,,,,,,,,,,,,,,,,,,,,,,,,,,,,,,,,,,,,
71,,,,,,,,,,,,,,,,,,,,,,,,Rater_1Rater_0,,,,,,,,,,,,,,,,,,,,,,,
72,,,,,,,,,,,,,,,,,,,,,,,,Rater_1Rater_0,,,,,,,,,,,,,,,,,,,,,,,
73,,,,,,Rater_1Rater_0,,,,,,,,,,,,,,,,,,,,,,,,,,,,,,,,,,,,,,,,,
74,,,,,,,,,,,,,,,,,,,,,,,,,,,,,,,,,,,,,,Rater_1Rater_0,,,,,,,,,
75,,,Rater_1Rater_0,,,,,,,,,,,,,,Rater_1Rater_0,Rater_1Rater_0,,,Rater_1Rater_0,,,,,,,,,,,,,,,,,,,,,,,,,,
76,,,,,,,,,,,,,,,,,,,,,,,,,,,,,,,,Rater_0Rater_1,,,,,,,,,,,,,,,
77,,Rater_1Rater_0,,,,,,,,,,,,,,,,,,,,,,,,,,,,,,,,,,,,,,,,,,,,,
78,,,Rater_1Rater_0,,,,,,,,,,,,,,,,,,,,,,,,,,,,,,,,,,,,,,,,,,,,
79,,,,,,,,,,,,,,,,,,,,,,,Rater_1Rater_0,,,,,,,,,,,,,,,,,,,,,,,,
80,,,,,Rater_1Rater_0,,,,,,,,,,,,,,,,,,,,,,,,,,,,,,,,,,,,,,,,,,
81,,,,,,,,,,,,,,,,,,,,,,,,,,,,,,,,Rater_2Rater_1Rater_0,,,,,,,,,,,,,,,
82,,,,,,,,,,,,,,,,,,,,,,,,,,,,,,Rater_1Rater_0,,,,,,,,,,,,,,,,,
83,,,,,,,,,,,,,,,,,,,,,,,,,,,,,,Rater_1Rater_0,,,,,,,,,,,,,,,,,
84,,,,,,,,,,,,,,,,,,,,,,,,,,,,,,Rater_1Rater_0,,,,,,,,,,,,,,,,,
85,,,Rater_1Rater_0,,,,,,,,,,,,,,,,,,,,,,,,,,,,,,,,,,,,,,,,,,,,
86,,,,,,,,,,,,,,,,,,,Rater_0Rater_1,,,,,,,,,,,,,,,,,,,,,,,,,,,,
87,,,Rater_1Rater_0,,,,,,,,,,,,,,,,,,,,,,,,,,,,,,,,,,,,,,,,,,,,
88,,,,,,,,,,,,,,,,,,,,,Rater_1Rater_0,,,,,,,,,,,,,,,,,,,,,,,,,,
89,,,,,,,,,,,,,,,,,,,,,,,,,,,,,,,,,,,Rater_1Rater_0,,,,,,,,,,,,
90,,,,,,,,,,,,,,,,,,,,,,,,,,,,,,,,Rater_1Rater_0,,,,,,,,,,,,,,,
91,,,,,,,,,,,,,,,,,,,,,,,,,,,,,,,,Rater_1Rater_0,,,,,,,,,,,,,,,
92,,,,,,,,,,,,,,,,,,,,,,,,,,,,,,,,Rater_1Rater_0,,,,,,,,,,,,,,,
93,,,,,,,,,,,,,,,,,,,,,,,,,,,,,,,,Rater_2Rater_1Rater_0,,,,,,,,,,,,,,,
94,,,,,,,,,,,,,,,,,,,,,,,,,,,,,,,,Rater_2Rater_1Rater_0,,,,,,,,,,,,,,,
95,,,,,,,,Rater_1Rater_0,,,,,,,,,,,,,,,,,,,,,,,,,,,,,,,,,,,,,,,
96,,,,,,,,Rater_1Rater_0,,,,,,,,,,,,,,,,,,,,,,,,,,,,,,,,,,,,,,,
97,,,,,,,,Rater_1Rater_0,,,,,,,,,,,,,,,,,,,,,,,,,,,,,,,,,,,,,,,
98,,,,,,,Rater_1Rater_0,,,,,,,,,,,,,,,,,,,,,,,,,,,,,,,,,,,,,,,,
99,,,,,,,,Rater_1Rater_0,,,,,,,,,,,,,,,,,,,,,,,,,,,,,,,Rater_1Rater_0,,,,,,,,
100,,,,,,,,,,,,,,,,,,,,,,,,,,,Rater_1Rater_0,,,,,,,,,,,,,,,,,,,,
101,,,,,,,Rater_1Rater_0,,,,,,,,,,,,,,,,,,,,,,,,,,,,,,,,,,,,,,,,
102,Rater_1Rater_0,,,,,,,Rater_1Rater_0,,,,,,,,,,,,,,,,,,,,,,,,,,,,,,,Rater_1Rater_0,,,,,,,,
103,,,,,,,,,,,,,,,,,,,,,,,Rater_1Rater_0,,,,,,,,,,,,,,,,,,,,,,,,
104,,,,,,,,,,,,,,,,,,,,,,,,,,,,,,,,,,,,,,,Rater_1Rater_0,,,,,,,,
105,,,,,,,,Rater_1Rater_0,,,,,,,,,,,,,,,,,,,,,,,,,,,,,,,Rater_1Rater_0,,,,,,,,
106,,,,,,,,,,,,,,,,,,,,,,,,,,,Rater_0Rater_1,,,,,,,,,,,,,,,,,,,,
107,,,,,,,,Rater_1Rater_0,,,,,,,,,,,,,,,,,,,,,,,,,,,,,,,Rater_1Rater_0,,,,,,,,
108,,,,,,,,Rater_1Rater_0,,,,,,,,,,,,,,,,,,,,,,,,,,,,,,,Rater_1Rater_0,,,,,,,,
109,,,Rater_1Rater_0,,,,,,,,,,,,,,Rater_1Rater_0,,,,,,Rater_1Rater_0,,,,,,,,,,,,,,,,,,,,,,,,
110,Rater_1Rater_0,Rater_1Rater_0,,,,,,,,,,,,,,,,,,,,,,,,,,,,,,,,,,,,,,,,,,,,,
111,Rater_1Rater_0,,,,,,,,,,,,,,,,,,,,,,,,,,,,,,,,,,,,,,,,,,,,,,
112,,,,,,,,,,,,,,,,,,,,,,,,,,,,,,,,Rater_1Rater_0,,,,,,Rater_1Rater_0,,,,,,,,,
113,,,,,,,,,,,,,,,,,,,,,,,,,,,,,,,,Rater_0Rater_1,,,,,,,,,,,,,,,
114,,,,,,,,,,,,,,,,,,,,,,,,,,,,,,,,,,,,,,,Rater_1Rater_0,,,,,,,,
115,,,,,,,,,,,,,,,,,,,,,,,,,,,Rater_0Rater_1,,,,,,,,,,,,,,,,,,,,
116,,,,,,,,,,,,,,,,,,,,,,,,,,,,,,,,Rater_2Rater_1Rater_0,,,,,,,,,,,,,,,
117,,,,,,,Rater_1Rater_0,Rater_1Rater_0,,,,,,,,,,,,,,,,,,,,,,,,,,,,,,,,,,,,,,,
118,,,,,,,,,,,,,,,,,,,,,,,,,,,,,,,,Rater_2Rater_1Rater_0,,,,,,,,,,,,,,,
119,,,,,,,,,,,,,,,,,,,,,,,,,,,,,,,,Rater_2Rater_1Rater_0,,,,,,,,,,,,,,,
120,,,,,,,,,,,,,,,,,,,,,,,,,,,,,,,,,,,,,,,,,Rater_1Rater_0,,,,,,
121,,,,,,,,,,,,Rater_1Rater_0,,,,,,,,,,,,,,,,,,,,,,,,,,,,,,,,,,,
122,,,,,,,,,,,,,,,,,,Rater_1Rater_0,,,,,,,,,,,,,,,,,,,,,,,,,,,,,
123,,,,,,,,,,,,,,,,,,,,,,,,,,,,,,,,Rater_2Rater_1Rater_0,,,,,,,,,,,,,,,
124,,,Rater_0Rater_1,,,,,,,,,,,,,,,,,,,,,,,,,,,,,,,,,,,,,,,,,,,,
125,,,,,,,,,,,,,,,,,,,,,,,,,,,,,,,,,,,,,,Rater_1Rater_0,,,,,,,,,
126,,,,,,,,,,,,,,,,,,,,,,,,,,,Rater_0Rater_1,,,,,,,,,,,,,,,,,,,,
127,,,,,,,,,,,,,,,,,,,,,,,,,,,,,,Rater_2Rater_1Rater_0,,,,,,,,,,,,,,,,,
128,,,,,,,,,,,,,,,,,,,,,,,,,,,,,,,,Rater_1Rater_0,,,,,,,,,,,,,,,
129,,,,,,,,,,,,,,,,,,,,,,,,,,,,,,,,Rater_1Rater_0,,,,,,,,,,,,,,,
130,,,,,,,,,,,,,,,,,,,,,,,,,,,Rater_1Rater_0,,,,,,,,,,,,,,,,,,,,
131,,,,,,,,,,,,,,,,,,,,,,,,,,,,,,,,Rater_1Rater_0,,,,,,,,,,,,,,,
132,,,,,,,,,,,,,,,,,,,,,,,,,,,,,,,,Rater_1Rater_0,,,,,,,,,,,,,,,
133,,,,,,,,Rater_1Rater_0,,,,,,,,,,,,,,,,,,,,,,,,,,,,,,,,,,,,,,,
134,,,,,,,,,,,,,,,,,,,,,,,,,,,,,,,,Rater_1Rater_0,,,,,,,,,,,,,,,
135,,,,,,,,,,,,,,,,,,,,,,,,,,,,,,,,Rater_1Rater_0,,,,,,,,,,,,,,,
136,,,,,,,,,,,,,,,,,,,,,,,,,,,,,,,,Rater_1Rater_0,,,,,,,,,,,,,,,
137,,,,,,,,,,,,,,,,,,,,,,,,,,,,,,,,Rater_1Rater_0,,,,,,,,,,,,,,,
138,,,,,,,,,,,,,,,,,,,,,,,,,,,,,,,,Rater_1Rater_0,,,,,,,,,,,,,,,
139,Rater_1Rater_0,,,,,,,,,,,,,,,,,,,,,,,,,,,,,,,Rater_1Rater_0,,,,,,,,,,,,,,,
140,,,,,,,,,,,,,,,,,,,,,,,,,,,,,,,,Rater_1Rater_0,,,,,,,,,,,,,,,
141,,,,,,,,,,,,,,,,,,,,,,,,,,,,,,,,Rater_1Rater_0,,,,,,,,,,,,,,,
142,,,,,,,,,,,,,,,,,,,,,,,,,,,,,,,,Rater_1Rater_0,,,,,,,,,,,,,,,
143,,,Rater_1Rater_0,,,,,,,,,,,,,,,,,,,,,,,,,,,,,,,,,,,,,,,,,,,,
144,,,,,,,,,,,,,,,,,,,,,,,,,,,,,,,,,,,,,,Rater_1Rater_0,,,,,,,,,
145,,,Rater_1Rater_0,,,,,,,,,,,,,,,,,,,,,,,,,,,,,,,,,,,,,,,,,,,,
146,,,,,,,,,,,,,,,,,,,,,,,,,,,,,,,,Rater_1Rater_0,,,,,,,,,,,,,,,
147,,,,,,,,,,,,,,,,,,,,,,,,,,,,,,,,Rater_1Rater_0,,,,,,,,,,,,,,,
148,,,,,,,,,,,,,,,,,,,,,,,,,,,,,,,,Rater_1Rater_0,,,,,,,,,,,,,,,
149,,,,,,,,,,,,,,,,,,,,,,,,,,,,,,,,Rater_1Rater_0,,,,,,,,,,,,,,,
150,,,,,,,,,,,,,,,,,,,,,,,,,,,,,,,,,,,,,,,,,Rater_1Rater_0,,,,,,
151,,,,,,,,,,Rater_1Rater_0,,,,,,,,,,,,,,,,,,,,,,,,,,,,,,,,,,,,,
152,,,,,,,,,,,,,,,,,,,,,,,,,,,,,,,,,,Rater_1Rater_0,,,,,,,,,,,,,
153,,,Rater_0Rater_1,,,,,,,,,,,,,,,,,,,,,,,,,,,,,,,,,,,,,,,,,,,,
154,,,Rater_2Rater_1Rater_0,,,,,,,,,,,,,,,,,,,,,,,,,,,,,,,,,,,,,,,,,,,,
155,,,,,,,,,,,,,,,,,,,,,,,,,,,,,,,,Rater_2Rater_1Rater_0,,,,,,,,,,,,,,,
156,,,,,,,,,,,,,,,,,,,,,,,,,,,,,,,,Rater_2Rater_1Rater_0,,,,,,,,,,,,,,,
157,Rater_1Rater_0,,,,,,,,,,,,,,,,,,,,,,,,,,,,,,,,,,,,,,,,,,,,,,
158,,,,,,,,,,,,,,,,,,,,,,,,,,,,,,,,Rater_0Rater_1,,,,,,,,,,,,,,,
159,,,,,,,,,,Rater_2Rater_1Rater_0,,,,,,,,,,,,,,,,,,,,,,,,,,,,,,,,,,,,,
160,,,,,,,,,,,,,,,,,,,,,,,,,,,,,,,,Rater_2Rater_1Rater_0,,,,,,,,,,,,,,,
161,,,Rater_2Rater_1Rater_0,,,,,,,,,,,,,,,,,,,,,,,,,,,,,,,,,,,,,,,,,,,,
162,,,,,,,,,,,,,,,,,,,,,,,,,,,Rater_1Rater_0,,,,,,,,,,,,,,,,,,,,
163,,,,,,,,,,,,Rater_1Rater_0,,,,,Rater_1Rater_0,,,,,,,,,,,,,,,,,,,,,,,,,,,,,,
164,,,,,,,,,,,,,,,,,,,,,,,,,,,Rater_1Rater_0,,,,,,,,,,,,,,,,,,,,
165,,,Rater_1Rater_0,,,,,,,,,,,,,,,,,,,,,,,,,,,,,,,,,,,,,,,,,,,,
166,,,,,,,,,,,,,,,,,,,,,,,,,,,,,,,,,,Rater_1Rater_0,,,,,,,,,,,,,
167,,,Rater_1Rater_0,,,,,,,,,,,,,,,,,,,,,,,,,,,,,,,,,,,,,,,,,,,,
168,,,,,,,,,,,,,,,,,,,,,,,,,,,Rater_1Rater_0,,,,,,,,,,,,,,,,,,,,
169,,,Rater_1Rater_0,,,,,,,,,,,,,,,,,,,,,,,,,,,,,,,,,,,,,,,,,,,,
170,,,,,,,,,,,,,,,,,,,,,,,,,,,,,,,,,,,,,,,,,,,,,,,
171,,,,,,,,,,,,,,,,,,,,,,,,,,,Rater_1Rater_0,,,,,,,,,,,,,,,,,,,,
172,,,,,Rater_1Rater_0,,,,,,,,,,,,,,,,,,,,,,,,,,,,,,,,,Rater_1Rater_0,,,,,,,,,
173,,,,,,,,,,,,,,,,,,,,,,,,,,,,,,,,,,,,,,,,,,,,,,,
174,,,Rater_1Rater_0,,,,,,,,,,,,,,,,,,,,,,,,,,,,,,,,,,,,,,,,,,,,
175,,,,,,,,,,,,,,,,,,,,,,,,,,,Rater_1Rater_0,,,,,,,,,,,,,,,,,,,,
176,,,Rater_1Rater_0,,,,,,,,,,,,,,,,,,,,,,,,,,,,,,,,,,,,,,,,,,,,
177,,,,,,,,,,,,,,,,,,,,,Rater_1Rater_0,,,,,,,,,,,,,,,,,,,,,,,,,,
178,,,Rater_1Rater_0,,,,,,,,,,,,,,,,,,,,,,,,,,,,,,,,,,,,,,,,,,,,
179,,,,,,,,,,,,,,,,,,,,,,,,,,,,,,,,Rater_1Rater_0,,,,,,,,,,,,,,,
180,,,Rater_0Rater_1,,,,,,,,,,,,,,,,,,,,,,,,,,,,,,,,,,,,,,,,,,,,
181,,,,,,,,,,,,,,,,,,,,,,,,,,,,,,,,,,,,,,,,,Rater_1Rater_0,,,,,,
182,,,Rater_1Rater_0,,,,,,,,,,,,,,,,,,,,,,,,,,,,,,,,,,,,,,,,,,,,
183,,,,,,,,,,,,,,,,,,,,,,,,,,,,,,,,,,,,,,,,,Rater_1Rater_0,,,,,,
184,,,,,,,,,,,,,,,,,,,,,,,,,,,,,,,,,,,,,,,,,Rater_1Rater_0,,,,,,
185,,,,,,,,,,,,,,,,,,,,,,,,,,,,,,,,,,,,,,,,,Rater_1Rater_0,,,,,,
186,,,,,,,,,,,,,,,,,,,,,,,,,,,,,,,,Rater_2Rater_1Rater_0,,,,,,,,,,,,,,,
187,,,,,,,,,,,,,,,Rater_1Rater_0,,,,,,,,,,,,,,,,,,,,,,,,,,,,,,,,
188,,,,,,,,,,,,,,,Rater_1Rater_0,,,,,,,,,,,,,,,,,,,,,,,,,,,,,,,,
189,,,,,,,,,,,,,,,,,,,,,,,,,,,Rater_2Rater_1Rater_0,,,,,,,,,,,,,,,,,,,,
190,,,,,,,,,,,,,,,,,,,,,,,,Rater_1Rater_0,,,,,,,,,,,,,,,,,,,,,,,
191,,,,,,,,,,,,,,,,,,,,,,,Rater_0Rater_1,,,,,,,,,,,,,,,,,,,,,,,,
192,,,,,,,,,,,,,Rater_1Rater_0,,,,,,,,,,,,,,,,,,,,,,,,,,,,,,,,,,
193,,,,,,,,Rater_1Rater_0,,,,,Rater_1Rater_0,,,,Rater_1Rater_0,,,,,,,Rater_1Rater_0,,,,,,,,,,,,,,,,,Rater_1Rater_0,,,,,,
194,,,,,,,,,,,,,,,,,,,,,,,Rater_0Rater_1,,,,,,,,,,,,,,,,,,,,,,,,
195,,,,,,,,,,,,,,,,,,,,,,,,,,,Rater_0Rater_1,,,,,,,,,,,,,,,,,,,,
196,,,Rater_1Rater_0,,,,,,,,,,,,,,,,,,,,,,,,,,,,,,,,,,,,,,,,,,,,
197,,,,,,,,,,,,,,,,,,,,,Rater_1Rater_0,,,,,,,,,,,,,,,,,,,,,,,,,,
198,,Rater_1Rater_0,,,,,,,,,,,,,,,,,,,,,,,,,,,,,,,,,,,,,,,,,,,,,
199,,,,,,,Rater_1Rater_0,,,Rater_1Rater_0,,,,,,,,,,,,,,,,,,,,,,,,,,,,,,,,,,,,,
200,Rater_1Rater_0,,,,,,,,,,,,,,,,,,,,,,,,,,,,,,,,,,,,,,,,,,,,,,
201,,Rater_2Rater_1Rater_0,,,,,,,,,,,,,,,,,,,,,,,,,,,,,,,,,,,,,,,,,,,,,
202,Rater_1Rater_0,,,,,,,,,,,,,,,,,,,,,,,,,,,,,Rater_1Rater_0,Rater_1Rater_0,,,,Rater_1Rater_0,,,,,,,,,,,,
203,,,Rater_1Rater_0,,,,,,,,,,,,,,,,,,,,,,,,,,,,,,,,,,,,,,,,,,,,
204,,,,,,,,,,,,,,,,,,,,,,Rater_1Rater_0,,,,,,,,,,,,,,,,,,,,,,,,,
205,,,,,,,,,,,,,,,,,,,,,,,,,,,,,,,,,,,,,,,,,Rater_1Rater_0,,,,,,
206,,,,,,,Rater_1Rater_0,,,,,,,,,,,,,,,,,,,,,,,,,,,,,,,,,,,,,,,,
207,,,,,,,Rater_1Rater_0,,,,,,,,,,,,,,,,,,,,,,,,,,,,,,,,,,,,,,,,
208,,,,,,,,,,,,,,,,,,,,,,,,,,,,,,,,Rater_1Rater_0,,,,,,,,,,,,,,,
209,,,Rater_2Rater_1Rater_0,,,,,,,,,,,,,,,,,,,,,,,,,,,,,,,,,,,,,,,,,,,,
210,,,Rater_1Rater_0,,,,,,,,,,,,,,,,,,,,,,,,,,,,,,,,,,,,,,,,,,,,
211,,,,,,,,,,,,,,,,,,,,,,,,,,,,,,,,Rater_1Rater_0,,,,,,,,,,,,,,,
212,,,,,,,,,,,,,,,,,,,,,,,,,,,,,,,,Rater_1Rater_0,,,,,,,,,,,,,,,
213,,,,,,,,,,,,,,,,,,,,,,,,,,,,,,,,Rater_1Rater_0,,,,,,,,,,,,,,,
214,,,,,,,,,,,,,,,,,,,,,,,,,,,,,,,,Rater_1Rater_0,,,,,,,,,,,,,,,
215,,,,,,,,,,,,,,,,,,,,,,,,,,,,,,,,Rater_1Rater_0,,,,,,,,,,,,,,,
216,,,,,,,,,,,,,,,,,,,,,,,,,,,,,,,,Rater_1Rater_0,,,,,,,,,,,,,,,
217,,,,,,,,,,,,,,,,,,,,,,,,,,,,,,,,Rater_1Rater_0,,,,,,,,,,,,,,,
218,,,,,,,,,,,,,,,,,,,,,,,,,,,,,,,,Rater_1Rater_0,,,,,,,,,,,,,,,
219,,,,,,,,,,,,,,,,,,,,,,,,,,,,,,,,Rater_1Rater_0,,,,,,,,,,,,,,,
220,Rater_1Rater_0,,Rater_1Rater_0,,,,Rater_1Rater_0,Rater_1Rater_0,,,,,,,,,,,,,,,,,,,,,,Rater_1Rater_0,,,,,,,,,,,,,,,,,
221,,,Rater_2Rater_1Rater_0,,,,,,,,,,,,,,,,,,,,,,,,,,,,,,,,,,,,,,,,,,,,
222,,,Rater_1Rater_0,,,,,,,,,,,,,,,,,,,,,,,,,,,,,,,,,,,,,,,,,,,,
223,,,Rater_1Rater_0,,,,,,,,,,,,,,,,,,,,,,,,,,,,,,,,,,,,,,,,,,,,
224,,,,,,,,,,,,,,,,,,,,,Rater_1Rater_0,,,,,,,,,,,,,,,,,,,,,,,,,,
225,,,Rater_1Rater_0,,,,,Rater_1Rater_0,,,,,,,,,,,,,,,,,,,,,,,,,,,,,,,,,,,,,,,
226,,,,,,,,,,,,,,,,,,,,,,,,,,,,,Rater_1Rater_0,,,,,,,,,,,,,,,,,,
227,,,,,,,,,,,,,,,,,,,,,,,,,,,,,,,,,,,,,,,,,,Rater_1Rater_0,,,,,
228,,,,,,,,,,,,,,,,,,,,,,,,,,,,,,,,,,,,,,,,,,Rater_1Rater_0,,,,,
229,,,,,,,,Rater_1Rater_0,,,,,,,,,,,,,,,,,,,,,,,Rater_1Rater_0,,,Rater_1Rater_0,,,,,,,,,,,,,
230,,,,,,,,,,,,,,,,,,,,,,,,,,,,,,,Rater_1Rater_0,,,,,,,,,,,,,,,,
231,,,,,Rater_1Rater_0,,,,,Rater_1Rater_0,,,,,,,,,,,,,,,,,,,,,,,,,,,,Rater_1Rater_0,,,,,,,,,
232,,,,,,,,Rater_1Rater_0,,,,,,,,,,,,,,,,,,,,,,Rater_1Rater_0,,,,,,,,,,,,,,,,,
233,,,,,,,,Rater_1Rater_0,,,,,,,,,,,,,,,,,,,,,,,,,,,,,,,,,,,,,,,
234,,,Rater_1Rater_0,,,,,,,,,,,,,,,,,,,,,,,,,,,,,,,,,,,,,,,,,,,,
235,,,,,Rater_1Rater_0,,,Rater_1Rater_0,,,,,,,,,,,,,,,,,,,,,,,,,,,,,,Rater_1Rater_0,,,,,,,,,Rater_1Rater_0
236,,,,,,,,,,,,,,,,,,,,,,,,,,,,,,,Rater_1Rater_0,,,,,,,,,,,,,,,,
237,,,,,,,,,,,,,,,,,Rater_1Rater_0,,,,,,,,,,,,,Rater_1Rater_0,,,,,,,,,,,,,,,,,
238,,,,,,,,,,,,,,,,,,,,,,,,,,,,,,,,,,,,,,,,,,,,Rater_1Rater_0,,,
239,,,,,,,,,,,,,,,,,,,,,,Rater_1Rater_0,,,,,,,,,Rater_1Rater_0,,,,,,,Rater_1Rater_0,,,,,,,,,
240,,,Rater_1Rater_0,,,,,,,,,,,,,,,,,,,,,,,,,,,,,,,,,,,,,,,,,,,,
241,,,Rater_1Rater_0,,,,,,,,,,,,,,,,,,,,,,,,,,,,,,,,,,,,,,,,,Rater_1Rater_0,,,
242,,,Rater_1Rater_0,,,,,,,,,,,,,,,,,,,,,,,,,,,,,,,,,,,,,,,,,,,,
243,,,,,,,,,,,,,,,,,,,,,,,,,,,,,Rater_1Rater_0,,,,,,,,,,,,,,,,,Rater_1Rater_0,
244,,,,,,,,,,,,,,,,,,,,,,,,,,,,,,,Rater_1Rater_0,,,,,,,,,,,,,Rater_1Rater_0,,,
245,,,Rater_1Rater_0,,,,,,,,,,,,,,,,,,,,,,,,,,,,,,,,,,,,,,,,,,,,
246,,,Rater_1Rater_0,,,,,,,,,,,,,,,,,,,,,,,,,,,,,,,,,,,,,,,,,,,,
247,,,Rater_1Rater_0,,,,,,,,,,,,,,,,,,,,,,,,,,,,,,,,,,,,,,,,,,,,
248,Rater_1Rater_0,,,,,,,,,,,,,,,,Rater_1Rater_0,,,,,Rater_1Rater_0,,,,,,,,,,,,,,,,Rater_1Rater_0,,,,,,Rater_1Rater_0,,,
249,,,,,,,,,,,,,,,,,,,,,,,Rater_1Rater_0,,,,,,,,,,,,,,,,,,,,,,,,
250,,,,,,,,,,,,,,,,,,,,,,,,,,,,,,,,,,,,,,,,,,,,Rater_1Rater_0,,,
251,,,,,,,Rater_1Rater_0,,,,,,,,,,,,,,,,,,,,,,,,,,,,,,,,,,,,,,,,
252,,,,,,,,,,,,,,,,,,,,,,,,,,,,,,Rater_1Rater_0,,,,,,,,,,,,,,,,,
253,,,,,,,,,,,,,,,,,,,,,,,,,,,,,,Rater_1Rater_0,,Rater_1Rater_0,,,,,,,,,,,,,,,
254,,,,,,,,,,,,,,,,,,,,,,,,,,,,,,,,,,,Rater_1Rater_0,,,,,,,,,,,,
255,,,,,,,,,,,,,,,,,,,,,,,,,,,,,,,,Rater_1Rater_0,,,,,,,,,,,,,,,
256,,,,,,,,,,,,,,,,,,,,,,,,,,,,,,,,,,,,,,Rater_1Rater_0,,,,,,,,,
257,,,,,Rater_1Rater_0,,,,,,,,,,,,,,,,,,,,,,,,,,,,,,,,,,,,,,,,,,
258,,,,,,,,,,,,,,,,,,,,,,,,,,,,,,,,Rater_1Rater_0,,,,,,,,,,,,,,,
259,,,,,,,,,,,,,,,,,,,,,,,,,,,,,,,,Rater_1Rater_0,,,,,,,,,,,,,,,
260,,,,,,,,,,,,,Rater_1Rater_0,,,,,,,,,,,,,,,,,,,,,,,,,,,,,,,,,,
261,,,,,,,,Rater_1Rater_0,,,,,,,,,,,,,,,,,,,,,,,,,,,,,,,,,,,,,,,
262,,,,,,,Rater_1Rater_0,,,,,,,,,,,,,,,,,,,,,,,,,,,,,,,,,,,,,Rater_1Rater_0,,,
263,,,,,,,,,,,,,,,,,,,,,,,,,,,,,,,,Rater_2Rater_1Rater_0,,,,,,,,,,,,,,,
264,,,,,,,,,,,,,,,,,,,,,,,,,,,,,,,,Rater_1Rater_0,,,,,,,,,,,,,,,
265,,,,,,,,,,,,,,,,,,,,,,,,,,,Rater_1Rater_0,,,,,,,,,,,,,,,,,,,,
266,,,,,,,,,,,,,,,,,,,,,,,,,,,,,,,,,,,,,,Rater_1Rater_0,,,,,,,,,
267,,,,,,,,,,,,,,,,,,,,,,,,,,,,,,Rater_1Rater_0,,,,,,,,,,,,,,,,,
268,,,,,,,,,,,,,,,,,,,,,,,,,,,,,,,,,,,,,,,,,Rater_1Rater_0,,,,,,
269,,,,,,,,,,,,,,,,,,,,,,,,,,,,,,,,,,,,,,,,,Rater_1Rater_0,,,,,,
270,,,,,,,,,,,,,,,,,,,,,,,,,,,,,,,,,,,,,,,,,,,,,,,
271,,,,,,,,,,,,,,,,,,,,,,,,,,,,,,,,,,,,,,,,,,,,,,,
272,,,,,,,,,,,,,,,,,,,,,,,,,,,,,,,,,,,,,,,,,,,,,,,
273,,,,,,,,,,,,,,,,,,,,,,,,,,,,,,,,,,,,,,,,,,,,,,,
274,,,,,,,,,,,,,,,,,,,,,,,,,,,,,,,,,,,,,,,,,,,,,,,
275,,,,,,,,,,,,,,,,,,,,,,,,,,,,,,,,,,,,,,,,,,,,,,,
276,,,,,,,,,,,,,,,,,,,,,,,,,,,,,,,,,,,,,,,,,,,,,,,
277,,,,,,,,Rater_1Rater_0,,,,,,,,,,,,,,,,,,,,,,,,,,,,,,,,,,,,,,,
278,,,,,Rater_2Rater_1Rater_0,,,,,,,,,,,,,,,,,,,,,,,,,,,,,,,,,,,,,,,,,,
279,,,,,,,,,,,,,,,,,,,,,,,,,,,,,,,,,,,,,,,,,,,,,,,
280,,,,,,,,,,,,,,,,,,,,,,,,,,,,,,,,,,,,,,,,,,,,,,,
281,,,,,,,,,,,,,Rater_1Rater_0,,,,,,,,,,,,,,,,,,,,,,,,,,,,,,,,,,
282,,,,,,,,,,,,,,,,,,,,,,,,,,,,,,,,,,,,,,,,,,,,,,,
283,,,Rater_0Rater_1,,,,,,,,,,,,,,,,,,,,,,,,,,,,,,,,,,,,,,,,,,,,
284,,,,,,,,,,,,,,,,,,,,,,,,,,,,,,,,,,,,,,,,,,,,,,,
285,,,,,,,,,,Rater_2Rater_1Rater_0,,,,,,,,,,,,,,,,,,,,,,,,,,,,,,,,,,,,,
286,,,,,,,,,,,,,,,,,,,,,,,,,,,,,,,,,,,,,,,,,,,,,,,
287,,,,,,,Rater_0Rater_1,,,,,,,,,,,,,,,,,,,,,,,,,,,,,,,,,,,,,,,,
288,,,,,,,,,,,,,Rater_1Rater_0,,,,,,,,,,,,,,,,,,,,,,,,,,,,,,,,,,
289,,,,,,,Rater_1Rater_0,,,,,,,,,,,,,,,,,,,,,,,,,,,,,,,,,,,,,,,,
290,,,Rater_0Rater_1,,,,,,,,,,,,,,,,,,,,,,,,,,,,,,,,,,,,,,,,,,,,
291,,Rater_2Rater_1Rater_0,,,,,,,,,,,,,,,,,,,,,,,,,,,,,,,,,,,,,,,,,,,,,
292,,,,,,,Rater_1Rater_0,,,,,,,,,,,,,,,,,,,,,,,,,,,,,,,,,,,,,,,,
293,,,,,,,,,,,,,,,,,,,,,,,,,,,,,,,,,,,,,,,,,,,,,,,
294,,,,,,,,,,,,,,,,,,,,,,,,,,,Rater_2Rater_1Rater_0,,,,,,,,,,,,,,,,,,,,
295,,,,,,,,,,,,,,,,,,,,,,,,,,,,,,,,Rater_2Rater_1Rater_0,,,,,,,Rater_2Rater_0,,,,,,,,
296,,,,,,,,,,,,,,,,,,,,,Rater_1Rater_0,,,,,,,,,,,,,,,,,,,,,,,,,,
297,,,,,,,,,,,,,,,,,,,,,,,,,,,,,,,,,,,,,,,,,,,,,,,
298,,,,,,,,,,,,,,,,,,,,,,,Rater_1Rater_0,,,,,,,,,,,,,,,,,,,,,,,,
299,,,,,,,,,,,,,,,,,,,,,,,,,,,,,,Rater_2Rater_1Rater_0,,,,,,,,,,,,,,,,,
300,,,,,,,,,,,,,,,,,,,,,,,,,,,Rater_2Rater_1Rater_0,,,,,,,,,,,,,,,,,,,,
301,,,Rater_0Rater_1,,,,,,,,,,,,,,,,,,,,,,,,,,,,,,,,,,,,,,,,,,,,
302,,,,,,,,,,,,,,,,,,,,,,Rater_1Rater_0,,,,,,,,,,,,,,,,,,,,,,,,,
303,,,,,,,,,,,,,,,,,,,,,,,,,,,,,,,,Rater_1Rater_0,,,,,,,,,,,,,,,
304,,,Rater_0Rater_1,,,,,,,,,,,,,,,,,,,,,,,,,,,,,,,,,,,,,,,,,,,,
305,,,,,,,,,,,,,,,,,,,,,,,,,,,,,,,,Rater_1Rater_0,,,,,,,,,,,,,,,
306,,,,,,,,,,,,,,,,,,,,,,,,,,,,,,,,,,,,,,,,,Rater_1Rater_0,,,,,,
307,,,,,,,,,,,,,,,,,,,,,,,,,,,,,,,,,,,,,,,,,,,,,,,
308,,,,,,,,,,,,,,,,,,,,,,,,,,,Rater_1Rater_0,,,,,,,,,,,,,,,,,,,,
309,,,,,,,,,,,,,,,,,,,,,,,,,,,,,,,,,,,,,,,,,,,,,,,
310,,,,,,Rater_0Rater_1,,,,,,,,,,,,,,,,,,,,,,,,,,,,,,,,,,,,,,,,,
311,,,Rater_1Rater_0,,,,,,,,,,,,,,,,,,,,,,,,,,,,,,,,,,,,,,,,,,,,
312,Rater_1Rater_0,,,,,,,,,,,,,,,,,,,,,,,,,,,,,,,Rater_1Rater_0,,,,,,,,,,,,,,,
313,,,,,,,,,,,,,,,,,,,,,,,,,,,,,,,,Rater_2Rater_1Rater_0,,,,,,,,,,,,,,,
314,,,,,,,,,,,,,,,,,,,,,,Rater_1Rater_0,,,,,,,,,,,,,,,,,,,,,,,,,
315,,,Rater_2Rater_1Rater_0,,,,,,,,,,,,,,,,,,,,,,,,,,,,,,,,,,,,,,,,,,,,
316,,,Rater_2Rater_1Rater_0,,,,,,,,,,,,,,,,,,,,,,,,,,,,,,,,,,,,,,,,,,,,
317,,,,,,,,,,,,,,,,,,,,,,,,,,,,,,,,Rater_2Rater_1Rater_0,,,,,,,,,,,,,,,
318,,,,,,,,,,,,,,,,,,,,,,,,,,,,,,,,Rater_2Rater_1Rater_0,,,,,,,,,,,,,,,
319,,,,,,,,,,,,,,,,,,,,,,,,,,,,,,,,Rater_2Rater_1Rater_0,,,,,,,,,,,,,,,
320,,,,,,,,,,,,,,,,,,,,,,,,,,,,,,,,Rater_2Rater_1Rater_0,,,,,,,,,,,,,,,
321,Rater_1Rater_0,,,,,,,,,,,,,,,,,,,,,,,,,,,,,,,,,,,,,,,,,,,Rater_1Rater_0,,,
322,,,,,,,,,,,,,,,,,,,,,,Rater_1Rater_0,,,,,,,,,,,,,,,,,,,,,,,,,
323,,,,,,,,,,Rater_1Rater_0,,,,,,,,,,,,,,,,,,,,,,,,,,,,,,,,,,,,,
324,,,Rater_1Rater_0,,,,,,,,,,,,,,,,,,,,,,,,,,,,,,,,,,,,,,,,,,,,
325,,,Rater_0Rater_1,,,,,,,,,,,,,,,,,,,,,,,,,,,,,,,,,,,,,,,,,,,,
326,,,,,,Rater_0Rater_1,,,,,,,,,,,,,,,,,,,,,,,,,,,,,,,,,,,,,,,,,
327,,,Rater_1Rater_0,,,,,,,,,,,,,,,,,,,,,,,,,,,,,,,,,,,,,,,,,,,,
328,,,,,,,,,,,,,,,,,,,,,,,,,,,Rater_2Rater_1Rater_0,,,,,,,,,,,,,,,,,,,,
329,,,,,,Rater_1Rater_0,,,,,,,,,,,,,,,,,,,,,,,,,,,,,,,,,,,,,,,,,
330,,,,,,,,,,,,,,,,,,,,,,Rater_1Rater_0,,,,,,,,,,,,,,,,,,,,,,,,,
331,,,Rater_1Rater_0,,,,,,,,,,,,,,,,,,,,,,,,,,,,,,,,,,,,,,,,,,,,
332,,,,,,,,,,,,,,,,,,,,,,,,,,,,,,,,,,,,,,,,,Rater_1Rater_0,,,,,,
333,,,,,,,,,,,,,,,,,,,,,,,,,,,,,,,,Rater_1Rater_0,,,,,,,,,,,,,,,
334,,,,,,Rater_1Rater_0,,,,,,,,,,,,,,,,,,,,,,,,,,,,,,,,,,,,,,,,,
335,,,,,,,,,,,,,,,,,,,,,,,,,,,,,,,,Rater_1Rater_0,,,,,,,,,,,,,,,
336,,,,,,,,,,,,,,,,,,,,,,,,,,,,,,,,Rater_1Rater_0,,,,,,,,,,,,,,,
337,,,Rater_0Rater_1,,,,,,,,,,,,,,,,,,,,,,,,,,,,,,,,,,,,,,,,,,,,
338,,,Rater_0Rater_1,,,,,,,,,,,,,,,,,,,,,,,,,,,,,,,,,,,,,,,,,,,,
339,,Rater_1Rater_0,Rater_1Rater_0,,,,,,,,,,,,,,,,,,,,,,,,,,,,,,,,,,,,,,,,,,,,
340,,,,,,,,,,,,,,,,,,,,,,,,,,,,,,,,,,Rater_1Rater_0,,,,,,,,,,,,,
341,,,,,,,,,,,,,,,,,,,,,,,,,,,,,,,,,,,Rater_1Rater_0,,,,,,,,,,,,
342,,,,,,,,,,,,,,,,,,,,,,,,,,,,,,,,Rater_1Rater_0,,,,,,,,,,,,,,,
343,Rater_1Rater_0,,,,,,,,,,,,,,,,,,,,,,,,,,,,,,,,,,,,,,,,,,,,,,
344,,,Rater_1Rater_0,,,,,,,,,,,,,,,,,,,,,,,,,,,,,,,,,,,,,,Rater_1Rater_0,,,,,,
345,,,,,,,,,,,,,,,,,,,,,,,,,,,,,,,,Rater_1Rater_0,,,,,,,,,,,,,,,
346,,,,,,,,,,,,,,,,,,,,,,,,,,,,,Rater_1Rater_0,,,,,,,,,,,,,,,,,,
347,,,,,,,,,,,,,,,,,,,,,,,,,,,,,,,,Rater_1Rater_0,,,,,,,,,,,,,,,
348,,,,,,,,,,,,,,,,,,,,,,,,,,,,,,,,Rater_1Rater_0,,,,,,,,,,,,,,,
349,,,,,,,,,,,,,,,,,,,,,,,,,,,,,,,,Rater_1Rater_0,,,,,,,,,,,,,,,
350,,,,,,,,,,,,,,,,,,,,,,,,,,,,,,,,Rater_1Rater_0,,,,,,,,,,,,,,,
351,,,,,,,,,,,,,,,,,,,,,,,,,,,,,,,,,,,,,,,,,Rater_1Rater_0,,,,,,
352,,,,,,,,,,,,,,,,,,,,,,,,,,,,,,,,Rater_1Rater_0,,,,,,,,,,,,,,,
353,,,,,,,,,,,,,,,,,,,,,,,,,,,,,,,,Rater_1Rater_0,,,,,,,,,,,,,,,
354,,,,,,,,,,,,,,,,,,,,,,,Rater_1Rater_0,,,,,,,,,,,,,,,,,,,,,,,,
355,,,,,,,,,,,,,,,,,,,,,,,,,,,,,,,,Rater_1Rater_0,,,,,,,,,,,,,,,
356,Rater_1Rater_0,,,,,,,,,,,,,,,,,,,,,,,,,,,,,,,,,,,,,,,,,,,,,,
357,Rater_1Rater_0,,,,,Rater_1Rater_0,,,,,,,,,,,,Rater_1Rater_0,,,,,,,,,,,,,,,,,,,,,,,,,,,,,
358,,,,,,,,,,,,Rater_1Rater_0,,,,,,,,,,,,,,,,,,,,,,,,,,,,,,,,,,,
359,Rater_1Rater_0,,,,,,,,,,,,,,,,,,,,,,,,,,,,,,,,,,,,,,,,,,,,,,
360,,,,,,,,,,,,,,,,,,,,,,,,,,,Rater_1Rater_0,,,,,,,,,,,,,,,,,,,,
361,,,,,,,,,,,,,,Rater_1Rater_0,,,,,,,,,,,,,,,,,,Rater_1Rater_0,,,,,,,,,,,,,,,
362,,,,,,,,,,,,,,,,,,,,,,,,,,,,,,,,,,,,,,,,,Rater_1Rater_0,,,,,,
363,,,,,,,,,,,,,,,,,,,,,,,Rater_1Rater_0,,,,,,,,,,,,,,,,,,,,,,,,
364,,,Rater_1Rater_0,,,,,,,,,,,,,,,,,,,,,,,,,,,,,,,,,,,,,,Rater_1Rater_0,,,,,,
365,,,,,Rater_1Rater_0,,,,,,,,,,,,Rater_1Rater_0,,,,,,,,,,,,,,,,,,Rater_1Rater_0,,,,,,,,,,,,
366,,,,,,,,,,,,,,,,,Rater_1Rater_0,,,,,,,,,,,,,,,,,,,,,,,,,,,,,,
367,,,,,,,,,,,,,,,,,,,,,,,,,,,Rater_1Rater_0,,,,,,,,,,,,,,,,,,,,
368,,,,,,,,,,,,,,,,,,,,,,,Rater_1Rater_0,,,,,,,,,,,,,,,,,,,,,,,,
369,,,,,,,,,,,,,,,,,,,,,,,,,,,Rater_1Rater_0,,,,,,,,,,,,,,,,,,,,
370,,,,,,,,,,,,,,,,,,,,,,,Rater_1Rater_0,,,,,,,,,,,,,,,,,,,,,,,,
371,,,,,,,,,,,,,,,,,,,,,Rater_1Rater_0,,,,,,,,,,,,,,,,,,,,,,,,,,
372,Rater_1Rater_0,,,,,,,,,,,,,,,,Rater_1Rater_0,,,,,,,,,,,,,,,Rater_1Rater_0,,,,,,,,,,,,,,,
373,,,,,,,,,,,,,,,,,,,,,,,Rater_1Rater_0,,,,,,,,,,,,,,,,,,,,,,,,
374,Rater_1Rater_0,,,,,,,,,,,,,,,,,,,,,,,,,,,,,,,,,,,,,,,,,,,,,,
375,,,,,,,,,,,,,,,,,,,,,,,,,,,,,,,,Rater_1Rater_0,,,,,,,,,,,,,,,
376,,,,,,,,,,,,,,,,,,,,,,,,,,,,,,,,Rater_1Rater_0,,,,,,,,,,,,,,,
377,,,,,,,,,,,,,,,,,,,,,,,,,,,,,,,,Rater_1Rater_0,,,,,,,,,,,,,,,
378,,,,,,,,,,,,,,,,,,,,,,,,,,,,,,,,Rater_1Rater_0,,,,,,,,,,,,,,,
379,,,,,,,,,,,,,,,,,,,,,,,,,,,Rater_1Rater_0,,,,,,,,,,,,,,,,,,,,
380,Rater_1Rater_0,,,,,,,,,,,,,,,,,,,,,,,,,,,,,,,,,,,,,,,,,,,,,,
381,Rater_1Rater_0,,,,,,,,,,,,,,,,,,,,,,,,,,,,,,,,,,,,,,,,,,,,,,
382,,,,,,,,,,,,,,,,,,,,,,,,,,,Rater_1Rater_0,,,,,,,,,,,,,,,,,,,,
383,,,,,,,,,,,,,,,,,,,,,Rater_1Rater_0,,,,,,,,,,,,,,,,,,,,,,,,,,
384,,,,,,,,,,,,,,,,,,,,Rater_1Rater_0,,,,,,,,,,,,,,,,,,,,,,,,,,,
385,,,,,,,,,,,,,,,,,,,,Rater_1Rater_0,,,,,,,,,,,,,,,,,,,,,,,,,,,
386,,,,,,,,,,,,,,,,,,,,,,,,,,,Rater_1Rater_0,,,,,,,,,,,,,,,,,,,,
387,,,Rater_1Rater_0,,,,,,,,,,,,,,,,,,,,,,,,,,,,,,,,,,,,,,,,,,,,
388,,,,,,,,,,,,,,,,,,,,,,,,,,,,,,,,Rater_1Rater_0,,,,,,,,,,,,,,,
389,,,Rater_1Rater_0,,,,,,,,,,,,,,,,,,,,,,,,,,,,,,,,,,,,,,,,,,,,
390,,,Rater_1Rater_0,,,,,,,,,,,,,,,,,,,,,,,,,,,,,,,,,,,,,,,,,,,,
391,,,,,,,,Rater_1Rater_0,,,,,,,,,,,,,,,,,,,,,,,,,,,,,,,,,,,,,,,
392,,,,,,,,,,,,Rater_1Rater_0,,,,,,,,,,,,,,,,,,,,,,,,,,,,,,,,,,,
393,,,,,,,,,,,,Rater_1Rater_0,,,,,,,,,,,,,,,,,,,,,,,,,,,,,,,,,,,
394,,,,,,,,,,,,,,,,,,,,,,,,,,,Rater_1Rater_0,,,,,,,,,,,,,,,,,,,,
395,,,,,,,,,,,,Rater_1Rater_0,,,,,,,,,,,,,,,,,,,,,,,,,,,,,,,,,,,
396,,,,,,,,,,,,,,,,,,,,,,,,,,,,,,,,Rater_1Rater_0,,,,,,,,,,,,,,,
397,,,,,,,,,,,,,,,,,,,,,Rater_1Rater_0,,,,,,,,,,,Rater_1Rater_0,,,,,,,,,,,,,,,
398,,,,,,,,,,,,,,,,,,,,,,,,,,,,,,,,Rater_1Rater_0,,,,,,,,,,,,,,,
399,,,,,,,,,,,,,,,,,,,,,,,,,,,,,,,,Rater_1Rater_0,,,,,,,,,,,,,,,
400,,,,,,,,,,,,,,,,,,,,,,,,,,,,,,,,Rater_1Rater_0,,,,,,,,,,,,,,,
401,,,,,,,,,,,,,,,,,,,,,,,,,,,,,,,,,,,,,,,,,Rater_1Rater_0,,,,,,
402,,,,,,,,,,,,,,,,,,,,,,,,,,,Rater_1Rater_0,,,,,,,,,,,,,,,,,,,,
403,,,,,,,,,,,,,,,,,,,,,,,,,,,,,,,,,,,,,,,,,Rater_1Rater_0,,,,,,
404,,,,,,,,,,,,,,,,,,,,,Rater_1Rater_0,,,,,,,,,,,,,,,,,,,,,,,,,,
405,,,,,Rater_1Rater_0,,,,,,,,,,,,,,,,,,,,,,,,,,,,,,,,,,,,,,,,,,
406,Rater_1Rater_0,,,,,Rater_1Rater_0,,,,,,,,,,,,,,,,,,,,,,,,,,,,,,,,,,,,,,,,,
407,,,,,,,,,,,,,,,,,,,,,,,,,,,Rater_1Rater_0,,,,,,,,,,,,,,,,,,,,
408,,,,,,,,,,,,,,,,,,,,,Rater_1Rater_0,,,,,,,,,,,,,,,,,,,,,,,,,,
409,,,Rater_1Rater_0,,,,,,,,,,,,,,,,,,,,,,,,,,,,,,,,,,,,,,,,,,,,
410,,,,,,,,,,,,,,Rater_1Rater_0,,,,,,,,,,,,,,,,,,,,,,,,,,,,,,,,,
411,,,,,,,,,,,,,,,,,,,,,,,,,,,,,Rater_1Rater_0,,,,,,,,,,,,,,,,,,
412,,,,,,,,,,,,,,,,,,,,,,,,,,,,,Rater_1Rater_0,,,,,,,,,,,,,,,,,,
413,,,,,,,,,,,,,,,,,,,,,,,,,,,,,,Rater_1Rater_0,,Rater_1Rater_0,,,,,,,,,,,,,,,
414,,,,,,,,,,,,,,,,,,,,,,,,,,,,,,,,Rater_1Rater_0,,,,,,,,,,,,,,,
415,,,,,,,,,,,,,,,,,,,,,,,,,,,,,,,,Rater_1Rater_0,,,,,,,,,,,,,,,
416,,,,,,,,,,,,,,,,,,,,,,,,Rater_1Rater_0,,,,,,,,,,,,,,,,,,,,,,,
417,,,,,,,,,,,,,,,,,,,,,,,,,,,,,,,,,,,Rater_1Rater_0,,,,,,,,,,,,
418,,,,,,,,,,,,,,,,,,,,,,,,,,,,,,,,,,,Rater_1Rater_0,,,,,,,,,,,,
419,,,,,,,,,,,,,,,,,,,,,,,,,,,,,,Rater_1Rater_0,,,,,,,,,,,,,,,,,
420,,,Rater_1Rater_0,,,,,,,,,,,,,,,,,,,,,,,,,,,,,,,,,,,,,,,,,,,,
421,,,,,,,,,,,,,,,,,,,,,,,,,,,Rater_1Rater_0,,,,,,,,,,,,,,,,,,,,
422,,,,,,,,,,,,,,,,,,,,,,,,,,,,,,,,,,,,,,,,,Rater_1Rater_0,,,,,,
423,Rater_1Rater_0,,,,,,,,,,,,,,,,,,,,,,,,,,,,,,,,,,,,,,,,,,,,,,
424,,,,,,,,,,,,,,,,,,,,,,,,,,,,,,,Rater_1Rater_0,Rater_1Rater_0,,,,,,,,,,,,,,,
425,,,,,,,,,,,,,,,,,,,,,,,,,,,,,,,,Rater_1Rater_0,,,,,,,,,,,,,,,
426,,,,,,,,,,,,,,,,,,,,,,,Rater_1Rater_0,,,,,,,,,,,,,,,,,,,,,,,,
427,,,,,,,,,,,,,,,,,,,,,,,,,,,,,,,Rater_1Rater_0,Rater_1Rater_0,,,,,,,,,,,,,,,
428,,,,,,,,,,,,,,,,,,,,,,,Rater_1Rater_0,,,,,,,,,,,,,,,,,,,,,,,,
429,Rater_1Rater_0,,,,,,,,,,,,,,,,,,,,,,,,,,,,,,,,,,,,,,,,,,,,,,
430,Rater_1Rater_0,,,,,,,,,,,,,,,,,,,,,,,,,,,,,,,,,,,,,,,,,,,,,,
431,,,,,,,,Rater_1Rater_0,,,,,,,,,,,,,,,,,,,,,,,,,,,,,,,,,,,,,,,
432,,,,,,,,,,,,,,,,,,,,,,,,,,,Rater_1Rater_0,,,,,,,,,,,,,,,,,,,,
433,,,Rater_1Rater_0,,,,,,,,,,,,,,,,,,,,,,,,,,,,,,,,,,,,,,,,,,,,
434,,,,,,,,,,,,,,,,,,,,,,,,Rater_1Rater_0,,,,,,,,,,,,,,,,,,,,,,,
435,,,,,,,,,,,,,,,,,,,,,,,,Rater_1Rater_0,,,,,,,,,,,,,,,,,,,,,,,
436,,,,,,,,,,,,,,,,,,,,,,,,,,,,,,,,,,,Rater_1Rater_0,,,,,,,,,,,,
437,,,,,,,,,,,,,,,,,,,,,,,,,,,,,,,,,,,Rater_1Rater_0,,,,,,,,,,,,
438,,,Rater_1Rater_0,,,,,,,,,,,,,,,,,,,,,,,,,,,,,,,,,,,,,,,,,,,,
439,,,,,,,,,,,,,,,,,,,,,,,,,,,Rater_1Rater_0,,,,,,,,,,,,,,,,,,,,
440,,,,,,Rater_1Rater_0,,,,,,,,,,,,,,,,,,,,,,,,,,,,,,,,,,,,,,,,,
441,,,,,,,,,,,,,,,,,,,,,,,,,,,,,,,,,,,Rater_1Rater_0,,,,,,,,,,,,
442,,,,,,,,,,,,,,,,,,,,,,Rater_1Rater_0,,,,,,,,,,,,,,,,,,,,,,,,,
443,,,,,,,,,,,,,,,,,,,,,,,,,,,,,,,,,,,,,,,,,,,,,,,
444,,,,,,Rater_1Rater_0,,,,,,,,,,,,,,,,,,,,,,,,,,,,,,,,,,,,,,,,,
445,,,,,,,Rater_1Rater_0,,,,,,,,,,,,,,,,,,,,,,,,,,,,,,,,,,,,,,,,
446,,,,,,,,Rater_1Rater_0,,,,,,,,,,,,,,,,,,,,,,,,,,,,,,,,,,,,,,,
447,,,,,,,,,,,,,,,,,,,,,,,,,,,,,,,,Rater_1Rater_0,,,,,,,,,,,,,,,
448,,,,,,,,Rater_1Rater_0,,,,,,,,,,,,,,,,,,,,,,,,,,,,,,,,,,,,,,,
449,,,,,,,,,Rater_1Rater_0,,,,,,,,,,,,,,,,,,,,,,,,,,,,,,,,,,,,,,
450,,,Rater_1Rater_0,,,,,,,,,,,,,,,,,,,,,,,,,,,,,,,,,,,,,,,,,,,,
451,,,,,,,Rater_1Rater_0,,,,,,,,,,,,,,,,,,,,,,,,,,,,,,,,,,,,,,,,
452,,,,,,,,,,,,,,,,,,,,,,,,,,,,,,,,Rater_1Rater_0,,,,,,,,,,,,,,,
453,,,,,,,,,,,,,,,,,,,,,,,,,,,,,,,,Rater_1Rater_0,,,,,,,,,,,,,,,
454,,,,,,,,,,,,,,,,,,,,,,,Rater_1Rater_0,Rater_1Rater_0,,,,,,,,,,,,,,,,,,,,,,,
455,,,,,,,,,,,,,,,,,,,,,,,,,,,,,,,,Rater_1Rater_0,,,,,,Rater_1Rater_0,,,,,,,,,
456,,,Rater_1Rater_0,,,,,,,,,,,,,,,,,,,,,,,,,,,,,,,,,,,,,,,,,,,,
457,,,,,,,,,,,,,,,,,,,,Rater_1Rater_0,,,,,,,,,,,,,,,,,,,,,,,,,,,
458,,,,,,,,,,,,,,,,,,,,,,,,,,,,,,,,,,,,,,,,,Rater_1Rater_0,,,,,,
459,,,,,,,,,,Rater_1Rater_0,,,,,,,,,,,,,,,,,,,,,,,,,,,,Rater_1Rater_0,,,,,,,,,
460,,,,,,,,,,,,,,,,,,,,,,,,,,,,,,Rater_1Rater_0,,,,,,,,,,,,,,,,,
461,Rater_1Rater_0,,,,Rater_1Rater_0,,,Rater_1Rater_0,,,,,,,,,,,,,,,,,,,,,,,,,,,,,,,,,,,,,,,
462,,,,,Rater_1Rater_0,,,,,,,,,,,,,,,,,Rater_1Rater_0,,,,,,,,,,,,,,,,,,,,,,,,,
463,,,,,,,,,,,,,,,,,,,,,,,,,,,,,,,,Rater_1Rater_0,,,,,,,,Rater_1Rater_0,,,,,,,
464,,,,,,,,,,,,,,,,,,,,,,,,,,,,,,Rater_1Rater_0,,,,,,,,,,,,,,,,,
465,,,,,,,,,,,,,,,,,,,,,,,,,,,,,,Rater_1Rater_0,,,,,,,,,,,,,,,,,
466,,,,,,,,,,,,,,,,,,,,,,,,,,,,,,,,Rater_1Rater_0,,,,,,,,,,,,,,,
467,,,Rater_1Rater_0,,,,,,,,,,,,,,,,,,,,,,,,,,,,,,,,,,,,,,,,,,,,
468,,,,,,,,,,,,,,,,,,,,,,,,,,,,,,,,,,Rater_1Rater_0,,,,,,,,,,,,,
469,,,,,,,,,,,,,,,,,,,,,,,,,,,,,,,,Rater_1Rater_0,,,,,,,,,,,,,,,
470,,,,,,,,,,,,,,,,,,,,,,,,,,,Rater_1Rater_0,,,,,,,,,,,,,,,,,,,,
471,,,Rater_1Rater_0,,,,,,,,,,,,,,,,,,,,,,,,,,,,,,,,,,,,,,,,,,,,
472,,,Rater_1Rater_0,,,,,,,,,,,,,,,,,,,,,,,,,,,,,,,,,,,,,,,,,,,,
473,,,Rater_1Rater_0,,,,,,,,,,,,,,,,,,,,,,,,,,,,,,,,,,,,,,,,,,,,
474,,,,,,,,,,,,,,,,,,,,,,,,,,,Rater_1Rater_0,,,,,,,,,,,,,,,,,,,,
475,,,,,,,,,,,,,,,,,,,,,,,,,,,Rater_1Rater_0,,,,,,,,,,,,,,,,,,,,
476,,,,,,,,,,,,,,,,,,,,,,,,,,,Rater_1Rater_0,,,,,,,,,,,,,,,,,,,,
477,,,,,,,,,,,,,,,,,,,,,,,,,,,,,,,,,,,,,,Rater_1Rater_0,,,,,,,,,
478,,,,,,,,,,,,,,,,,,,,,,,,,,,,,,,,,,,,,,Rater_1Rater_0,,,,,,,,,
479,,,,,,,,,,,,,,,,,,,,,,,,,,,Rater_1Rater_0,,,,,,,,,,,,,,,,,,,,
480,,,,,,,,,,,,,,,,,,,,,,,,,,,,,,,,,,,,,,,Rater_1Rater_0,,,,,,,,
481,,,,,,,,,,,,,,,,,,,,,,,,,,,,,,,,,,,,,,,,,,,,,,,
482,,,,,,,,,,,,,,,,,,,,,,,,,,,,,,,Rater_1Rater_0,,,,,,,,,,,,,,,,
483,,,,,Rater_1Rater_0,,,,,,,,,,,,,,,,,,,,,,,,,,,,,,,,,,,,,,,,,,
484,,,,,,,,,,,,,,,,,,,,,,,,,,,,,,Rater_1Rater_0,,,,,,,,,,,,,,,,,
485,,,Rater_1Rater_0,,,Rater_1Rater_0,,,,,,,,,,,,,,,,,,,,,,,,,,,,,,,,,,,,,,,,,
486,,,,,,,,,,,,,,,,,,,,,,,,,,,,,,,Rater_1Rater_0,,,,,,,,,,,,,,,,
487,,,Rater_1Rater_0,,,,,,,,,,,,,,,,,,,,,,,,,,,,,,,,,,,,,,,,,,,,
488,,,,,,,,,,,,,,,,,,,,,,,,,,,,,,,,,,,,,,,,,,,,,,,
489,,,,,,,,,,,,,,,,,,,,,,,,,,,,,,,Rater_1Rater_0,,,,,,,,,,,,,,,,
490,,,Rater_1Rater_0,,,,,,,,,,,,,,,,,,,,,,,,,,,,,,,,,,,,,,,,,,,,
491,,,,,,,,,,,,,,,,,,,,,,,,,,,,,,,,,,,,,,,,,,,,,,,
492,,,,,,,,,,,,,,,,,,Rater_1Rater_0,,,,,,,,,,,,,,,,,,,,,,,,,,,,,
493,,,,,,,,,,,,,,,,,,,,,,,,,,,Rater_1Rater_0,,,,,,,,,,,,,,,,,,,,
494,,,,,,,,,,,,,,,,,,,,,,,,,,,,,,,,,,,,,,,,,,,,,,,
495,,,,,,,,,,,,,,,,,,,,,,,,,,,,,,,,,,,,,,,,,,,,,,,
496,,,,,,,,Rater_1Rater_0,,,,,,,,,,,,,,,,,,,,,,,,,,,,,,,,,,,,,,,
497,,,,,,,,,,,,,,,,,,,,,,,,,,,,,,,,,,,,,,,,,,,,,,,
498,,,,,,,,,,,,,,,,,,,,,,,,,,,Rater_1Rater_0,,,,,,,,,,,,,,,,,,,,
499,,,,,,,,,,,,,,,,,,,,,,,,,,,,,,,,,,,,,,,,,,,,,,,
500,,,,,,,,,,,,,,,,,,,,,,,,,,,,,,,,,,,,,,,,,,,,,,,
501,,,,,,,,,,,,,,,,,,,,,,,,,,,,,,,,,,,,,,,,,,,,,,,
502,,,,,,,,,,,,,,,,,,,,,,,,,,,,,,,,,,,,,,,,,,,,,,,
503,,,,,,,,,,,,,,,,,,,,,,,,,,,,,,,,,,,,,,,,,,,,,,,
504,,,,,,,,,,,,,,,,,,,,,Rater_1Rater_0,,,,,,,,,,,,,,,,,,,,,,,,,,
505,,,,,,,,,,,,,,,,,,,,,,,,,,,,,,,,,,,,,,,,,,,,,,,
506,,,,,,,,,,,,,,,,,,,,,Rater_1Rater_0,,,,,,,,,,,,,,,,,,,,,,,,,,
507,,,,,,,,,,,,,,,,,,,,,,,,,,,,,,,,,,,,,,,,,,,,,,,
508,,,,,,,,,,,,,,,,,,,,,,,,Rater_1Rater_0,,,,,,,,,,,,,,,,,,,,,,,
509,,,,,,,,,,,,,,,,,,,,,,,,,,,,,,,,,,,,,,,,,,,,,,,
510,,,,,,,,,,,,,,,,,,,,,,,,,,,,,,,,,,,,,,,,,,,,,,,
511,,,,,,,,,,,,,,,,,,,,,Rater_1Rater_0,,,,,,,,,,,,,,,,,,,,,,,,,,
512,Rater_1Rater_0,,,,,,,,,,,,,,,,,,,,,,,,,,,,,,,,,,,,,,,,,,,,Rater_1Rater_0,,
513,Rater_1Rater_0,,,,,,,Rater_1Rater_0,,,,,,,,,,,,,Rater_1Rater_0,,,,,,,,,,,,,,,,,,,,,,,,,,
514,,,,,,,,,,,,,,,,,,,,,,,,,,,,,,Rater_1Rater_0,,,,,,,,,,,,,,,,,
515,,,,,,,,,,,,,,,,,,,,,,,,,,,,Rater_1Rater_0,Rater_1Rater_0,,,,,,,,,,,,,,,,,,
516,Rater_1Rater_0,,,,,,,,,,,,,,,,,,,,,,,,,,,,,,,,,,,,,,,,,,,,Rater_1Rater_0,,
517,Rater_1Rater_0,,,,,,,,,,,,,,,,,,,,,,,,,,,,,,,,,,,,,,,,,,,,Rater_1Rater_0,,
518,Rater_1Rater_0,,,,,,,,,,,,,,,,,,,,,,,,,,,,,,,,,,,,,,,,,,,,,,
519,,,,,Rater_1Rater_0,,,,,,,,,,,,,,,,,,,,,,,,,,,,,,,,,,,,,,,,,,
520,Rater_1Rater_0,,,,,,,,,,,,,,,,,,,,,,,,,,,,,,,,,,,,,,,,,,,,,,
521,,,,,,,,,,,,,,,,,,,,,,,,,,,Rater_1Rater_0,,,,,,,,,,,,,,,,,,,,
522,,,,,,,,,,,,,,,,,,,,,,,,,,,Rater_1Rater_0,,,,,,,,,,,,,,,,,,,,
523,,,,,,,,,,,,,,,,,,,,,,,,,,,Rater_1Rater_0,,,,,,,,,,,,,,,,,,,,
524,,Rater_1Rater_0,,,,,,,,,,,Rater_1Rater_0,,,,,,,,,,,,,,,,,,,,,,,,,,,,,,,,,,
525,Rater_1Rater_0,,,,,,,,,,,,,,,,,,,,,,,,,,,,,,,,,,,,,,,,,,,,,,
526,,,,,,,,,,,,,,,,,,,,,,,,,,,,,,,,Rater_1Rater_0,,,,,,,,,,,,,,,
527,,,,,,,,,,,,,,,,,,,,,,,,,,,,,,,,,,Rater_1Rater_0,,,,,,,,,,,,,
528,,,,,,,,,,,,,,,,,,,,,Rater_1Rater_0,,,,,,,,,,,,,,,,,,,,,,,,,,
529,,,,,,,,,,,,,,,,,,,,,Rater_1Rater_0,,,,,,,,,,,,,,,,,,,,,,,,,,
530,,,,,,,,,,,,,,,,,,,,,,Rater_1Rater_0,,,,,,,,,,,,,,,,,,,,,,,,,
531,Rater_1Rater_0,,,,,,,,,,,,,,,,,,,,,,,,,,,,,,,,,,,,,,,,,,,,Rater_1Rater_0,,
532,Rater_1Rater_0,,,,,,,,,,,,,,,,,,,,,,,,,,,,,,,,,,,,,,Rater_1Rater_0,,,,,,,,
533,,,,,,,,,,,,,,,,,,,,,,,,,,,,,,,,Rater_1Rater_0,,,,,,,,,,,,,,,
534,,,,,,,Rater_1Rater_0,,,,,,,,,,,,,,,,,,,,,,,,,,,,,,,,,,,,,,,,
535,,,Rater_1Rater_0,,,,,,,,,,,,,,,,,,,,,,,,,,,,,,,,,,,,,,,,,,,,
536,,,,Rater_1Rater_0,,,,,,,,,,,,,,,,,,,,,,,,,,,,,,,,,,,,,,,,,,,
537,,,,,,,,,,,,,,,,,,,,,,,,,,,Rater_1Rater_0,,,,,,,,,,,,,,,,,,,,
538,,,Rater_1Rater_0,,,,,,,,,,,,,,,,,,,,,,,,,,,,,,,,,,,,,,,,,,,,
