	github_urls	forks	useful_forks	transitive_forks
0	endernewton/tf-faster-rcnn	1298	111	30
1	charlesq34/pointnet2	414	36	3
2	tkarras/progressive_growing_of_gans	820	79	13
3	tkipf/gcn	913	42	20
4	bichenwuucb/squeezedet	287	32	8
5	marvinteichmann/kittiseg	364	24	14
6	tensorflow/ranking	177	8	2
7	yixuanli/densenet-tensorflow	183	5	3
8	hellochick/semantic-segmentation-tensorflow	31	1	1
9	anishathalye/neural-style	1315	80	30
10	visualcomputinginstitute/triplet-reid	171	7	2
11	openai/pixel-cnn	339	29	15
12	marvinteichmann/multinet	198	11	14
13	msiam/tfsegmentation	142	7	2
14	aligholami/simpnet-tensorflow	1	0	0
15	iro-cp/fcrn-depthprediction	238	24	7
16	davidsandberg/facenet	3429	266	71
17	michschli/relationprediction	42	3	1
18	google/youtube-8m	628	100	41
19	deepmind/kinetics-i3d	261	23	7
20	marvinteichmann/kittibox	149	12	7
21	jiahuiyu/wdsr_ntire2018	86	0	0
22	iboing/cliquenet	66	1	2
23	bichenwuucb/squeezeseg	170	14	8
24	roimehrez/contextualloss	50	2	0
25	simonmeister/unflow	46	5	1
26	mikacuy/pointnetvlad	37	1	0
27	naturomics/capsnet-tensorflow	1063	50	63
28	nwojke/deep_sort	393	44	12
29	ry/tensorflow-resnet	514	22	55
30	djangogo/pose-tensorflow-annot	1	0	0
31	charlesq34/pointnet	767	56	9
32	gy20073/bdd_driving_model	66	5	0
33	astorfi/3d-convolutional-speaker-recognition	209	15	2
34	mvig-sjtu/pointsift	84	4	2
35	una-dinosauria/3d-pose-baseline	162	7	36
36	lucassheng/avatar-net	27	1	0
37	charlesq34/frustum-pointnets	265	15	8
38	czhu95/ternarynet	38	1	0
39	chenyilun95/tf-cpn	167	4	0
40	cuguilke/microexpnet	13	1	0
41	mrharicot/monodepth	440	37	3
42	fengju514/face-pose-net	82	2	0
43	taokong/ron	141	4	1
44	lengstrom/fast-style-transfer	1803	204	124
45	robinatp/deeplab_tensorflow	1	0	0
46	ckmarkoh/neuralart_tensorflow	138	8	5
47	olgatias/icnet-tensorflow	3	0	0
48	nyukat/birads_classifier	28	0	0
49	yanbeic/deep-association-learning	20	0	1
50	arslan-chaudhry/dcsp_segmentation	6	0	0
51	prbonn/bonnet	53	3	0
52	pomonam/learnablepoolingmethods	1	0	0
53	yang7879/3d-recgan	34	1	0
54	zemofreedom/psmnet-tensorflow	4	0	0
55	guesswhatgame/guesswhat	32	5	0
56	moabitcoin/holy-edge	94	10	0
57	huangshiyu13/rpnplus	88	6	1
58	aditya12agd5/divcolor	6	1	0
59	makalo/cornernet	24	2	0
60	yang7879/3d-recgan-extended	20	1	1
61	pyun-ram/fl3d	17	6	0
62	sheryl-ai/mvgcn	10	0	0
63	yoyo000/mvsnet	121	7	0
64	congweilin/cluster-loss-tensorflow	13	1	0
65	columbiadvmm/heated_up_softmax_embedding	8	1	0
66	btjhjeon/imm_tensorflow	6	0	0
67	vlogroup/mri-variationalnetwork	15	6	0
68	angusg/cleverhans-attacking-bnns	2	1	0
69	qixuxiang/deeplabv3plus	16	1	0
70	baumgach/acdc_segmenter	15	0	0
71	seasonsh/docface	77	1	0
72	gidobot/silhonet	3	0	0
73	maggie0106/graph-cnn-in-3d-point-cloud-classification	35	1	2
74	fengju514/expression-net	61	7	1
75	guanghan/rolo	249	10	5
76	tum-vision/learn_prox_ops	10	1	0
77	imatge-upc/liverseg-2017-nipsws	34	0	1
78	chenxi116/pnasnet.tf	19	0	0
79	thtrieu/darkflow	1636	223	52
80	tobiasgruening/aru-net	21	2	0
81	rick-chang/onenet	20	0	0
82	mathildor/deeplab-v3	4	0	0
83	thu-ml/stochastic_gcn	13	0	0
84	chengpengchen/tf-faster-rcnn-multi-img	0	0	0
85	deeplearnphysics/faster-rcnn	4	0	0
86	parisots/population-gcn	26	0	1
87	bryanplummer/cite	17	0	0
88	tegg89/srcnn-tensorflow	167	12	4
89	jmiller656/edsr-tensorflow	87	7	0
90	shubhomoydas/ad_examples	95	1	0
91	ssydasheng/neural-kernel-network	4	1	0
92	ogroth/shapestacks	4	0	0
93	abewley/sort	306	22	7
94	parisots/gcn	1	0	0
95	fate3439/localspecgcn	7	0	0
96	xthan/polyvore	39	1	1
97	kanchen-usc/grounder	17	7	0
98	mattpoggi/pydnet	13	1	0
99	marvinteichmann/kitticlass	18	0	0
100	sullychen/autopilot-tensorflow	281	19	10
101	cardwing/codes-for-lane-detection	82	8	2
102	cvlab-unibo/real-time-self-adaptive-deep-stereo	23	0	0
103	remega/omcnn_2clstm	31	1	0
104	viscom-ulm/mccnn	8	1	0
105	chenhsuanlin/inverse-compositional-stn	55	3	0
106	hizhangp/yolo_tensorflow	386	30	5
107	taki0112/senet-tensorflow	195	8	0
108	danfeix/scene-graph-tf-release	77	7	3
109	vegesm/siamese-pose-estimation	1	1	0
110	kanchen-usc/kac-net	19	5	0
111	yulequan/pu-net	42	4	0
112	geeklib/tf-faster-rcnn	0	0	0
113	syb7573330/im2avatar	14	0	0
114	da-molchanov/variance-networks	2	1	0
115	smallcorgi/faster-rcnn_tf	959	86	84
116	visionlearninggroup/caption-guided-saliency	35	3	0
117	bysowhat/densenet	6	0	0
118	auroua/insightface_tf	182	9	2
119	engineering-course/lip_jppnet	46	3	1
120	ethz-asl/hierarchical_loc	18	0	0
121	taki0112/densenet-tensorflow	151	4	2
122	image-science-lab/onenet	3	0	0
123	rohitgirdhar/attentionalpoolingaction	54	6	0
124	akar43/lsm	41	1	7
125	nyukat/breast_density_classifier	30	3	0
126	bxshi/conmask	22	1	0
127	wy1iu/dcnets	28	7	0
128	twke18/adaptive_affinity_fields	46	1	0
129	apacha/musicobjectdetector-tf	6	0	0
130	arashhosseini/3d-pose-baseline	36	6	12
131	wenxinxu/resnet-in-tensorflow	258	12	5
132	detectionteamucas/r2cnn_faster-rcnn_tensorflow	107	3	0
133	deepsceneseg/ssma	4	0	0
134	marvinteichmann/tensorflow-fcn	420	19	19
135	ronghanghu/cmn	19	3	0
136	brain-research/conv-sv	2	0	0
137	yuvalbahat/confidence_from_invariance	1	0	0
138	aiff22/dped	249	4	1
139	stevenliuwen/ano_pred_cvpr2018	57	3	2
140	shiyemin/shuttlenet	7	0	0
141	y2l/social-relation-tensorflow	2	0	0
142	wanggrun/kalman-normalization	2	0	0
143	shaohua0116/multiview2novelview	21	1	0
144	mpskex/convolutional-pose-machine-tf	18	1	0
145	daniilidis-group/ev-flownet	12	4	0
146	kkkzm2017/enhancenet	6	0	0
147	val-iisc/nag	7	0	0
148	fab-jul/imgcomp-cvpr	33	0	0
149	mohomran/neural_body_fitting	33	3	1
150	scenenn/pointwise	24	1	0
151	akosiorek/hart	42	3	0
152	cefengxu/deeplabv3-python3-tensorflowf1.8	1	0	0
153	uber/sbnet	70	2	0
154	wzmsltw/bsn-boundary-sensitive-network	54	2	0
155	idearibosome/tf-perceptual-eusr	3	1	1
156	yzcjtr/geonet	129	8	1
157	eborboihuc/deep360pilot-cvpr17	11	0	0
158	kaiqizhang/admm-pruning	15	0	0
159	senticnet/cascade--contextual-sarcasm-detection	20	0	3
160	timgaripov/tensornet-tf	48	3	0
161	wchen342/sketchygan	20	1	0
162	detectionteamucas/rrpn_faster-rcnn_tensorflow	53	2	0
163	pedrocwb/deep_lung_segmentation	3	0	0
164	laughtervv/sgpn	40	13	0
165	jakobchen/shuffleseg	1	0	0
166	wy1iu/spherenet	22	6	0
167	jakeret/tf_unet	578	39	11
168	yunbo426/predrnn-pp	21	6	1
169	kuanghuei/clean-net	12	0	0
170	exelban/tensorflow-cifar-10	42	4	1
171	louieyang/stroke-controllable-fast-style-transfer	16	0	1
172	charlesshang/tffrcnn	426	28	4
173	art-programmer/floornet	28	2	0
174	mattpoggi/3net	7	0	1
175	skyoung/memtrack	12	1	0
176	csyhhu/l-obs	8	1	2
177	charlesshang/fastmaskrcnn	1030	27	27
178	poloclub/jpeg-defense	4	0	0
179	engindeniz/cycle-dehaze	17	0	0
180	ikhlestov/vision_networks	124	14	3
181	lxh-123/vocseg	2	0	0
182	renmengye/few-shot-ssl-public	47	2	0
183	kujason/avod	210	19	5
184	ndrplz/dilation-tensorflow	54	5	2
185	microljy/dren_tensorflow	1	0	0
186	vt-vl-lab/ican	43	3	0
187	hzy46/fast-neural-style-tensorflow	314	17	7
188	yulequan/ec-net	8	2	0
189	kekeller/semantic_soy_deeplabv3plus	1	0	0
190	rayat137/pose_3d	7	0	0
191	angeladai/scancomplete	40	2	0
192	kwotsin/tensorflow-enet	93	11	1
193	amlankar/adascan-public	15	1	0
194	elliottwu/deephdr	19	1	0
195	eragonruan/text-detection-ctpn	880	39	16
196	lelechen63/mri-tumor-segmentation-brats	23	1	0
197	columbiadvmm/spread-out_local_feature_descriptor	11	0	0
198	cripac-dig/sr-gnn	56	1	1
199	shiaoming/vid2depth	3	0	0
200	anibali/dsnt-pose2d	2	0	0
201	maybeshewill-cv/crnn_tensorflow	255	16	3
202	commaai/research	1139	32	13
203	asanakoy/deep_unsupervised_posets	3	0	0
204	neuqgz/modify-faster-rcnn-tf	0	0	0
205	yousseftamaazousti/muldipnet	2	0	0
206	mbechtel2/deeppicar-v2	27	3	0
207	zjngjng/maskrcnn	0	0	0
208	brain-research/realistic-ssl-evaluation	57	5	0
209	vt-vl-lab/df-net	17	2	0
210	kil77/idcard_segmentation_with_deeplabv3-	0	0	0
211	haebeom-lee/dropmax	1	0	0
212	huidingumd/exprgan	10	0	0
213	dvornikita/blitznet	101	3	1
214	zsdonghao/u-net-brain-tumor	134	7	1
215	microsoft/lq-nets	43	2	1
216	pudae/tensorflow-densenet	44	1	0
217	xdever/rfcn-tensorflow	130	4	1
218	yfnn/fused-model	1	0	0
219	spurra/vae-hands-3d	14	0	0
220	bhanml/masking	5	0	0
221	jiwoon-ahn/psa	24	3	0
222	nischnei/depth_completion	2	1	0
223	deepmind/graph_nets	460	8	2
224	dark-rinnegan/frustum-pointnets	2	0	0
225	ocechain/gcn	85	77	0
226	yeephycho/nasnet-tensorflow	44	4	1
227	yukitsuji/3d_cnn_tensorflow	89	0	3
228	pierluigiferrari/fcn8s_tensorflow	12	1	0
229	mihaifieraru/human-pose-refiner	1	0	0
230	kwotsin/tensorflow-xception	77	3	0
231	seann999/ssd_tensorflow	54	2	2
232	htung0101/3d_smpl	10	1	0
233	timctho/mobilenet-v2-tensorflow	32	2	0
234	ankush96/grad-cam.tensorflow	49	1	0
235	tsenghungchen/sa-tensorflow	56	2	1
236	innerpeace-wu/capsnet-tensorflow	22	0	0
237	idearibosome/tf-bsrn-sr	3	0	0
238	wangjksjtu/helmholtz-dl	0	0	0
239	ljanyst/ssd-tensorflow	67	5	2
240	yangxue0827/r2cnn_fpn_tensorflow	112	6	6
241	deepmind/learning-to-learn	531	17	17
242	ankanbhunia/adversebinet	3	1	0
243	hengchuan/rdn-tensorflow	23	0	0
244	openai/gradient-checkpointing	188	4	4
245	hwalsuklee/tensorflow-style-transfer	91	9	0
246	brain-research/nngp	26	1	0
247	chrislybaer/capsules-tensorflow	7	0	0
248	machrisaa/stylenet	36	2	0
249	huanzhang12/certifiedrelurobustness	1	0	0
250	ysharma1126/ead_attack	11	1	0
251	tkuanlun350/tensorflow-segnet	158	15	4
252	zhenheny/lego	9	0	0
253	vmichals/figureqa-baseline	9	0	0
254	rszeto/click-here-cnn	3	0	0
255	ceciliavision/perceptual-reflection-removal	26	4	0
256	yutingzhang/lmdis-rep	6	0	0
257	renqianluo/nao	30	2	0
258	xialeiliu/rotatenetworks	4	0	0
259	zehaos/mobilenet	401	15	0
260	tonytheplaneswalker/pcn	28	4	1
261	chunyuanli/mnist_inception_score	6	0	0
262	manricheon/eusr-pcl-tf	1	0	0
263	mvcnn/mvcnn	3	0	0
264	shagunsodhani/pregel	10	1	0
265	huaxiuyao/dmvst-net	18	0	0
266	hualin95/everyone_is_van_gogh	7	4	0
267	shaohua0116/group-normalization-tensorflow	32	1	0
268	rishizek/tensorflow-deeplab-v3	81	4	0
269	divelab/dtn	14	0	0
270	pavelgonchar/face-transfer-tensorflow	20	0	0
271	tmulc18/distributed-tensorflow-guide	135	4	1
272	yeephycho/densenet-tensorflow	12	0	0
273	yewzijian/3dfeatnet	20	1	0
274	rishizek/tensorflow-deeplab-v3-plus	187	6	4
275	kobiso/cbam-tensorflow-slim	14	0	0
276	wanggrun/learning-feature-pyramids	2	0	0
277	chenxi116/tf-phrasecut-public	8	1	0
278	wangbm/mtcnn-tensorflow	55	4	1
279	hongyanggao/pixeldcn	31	2	6
280	bilylee/siamfc-tensorflow	80	4	2
281	yangjirui/rrpn_fpn_tensorflow	20	0	0
282	patwie/tensorflow-recipes	11	1	0
283	victordibia/handtracking	233	12	2
284	dmarcosg/dsac	9	1	0
285	yuleiniu/vc	2	0	0
286	lorenmt/vsl	7	0	0
287	pppoe/tensorflow-sphereface-asoftmax	25	1	0
288	cydonia999/tiny_faces_in_tensorflow	105	9	3
289	fuhongshuai/fuhs_graphcnn	2	0	0
290	lukeoverride/deemotions	1	0	0
291	taki0112/group_normalization-tensorflow	8	0	0
292	www0wwwjs1/matrix-capsules-em-tensorflow	69	6	0
293	jackyko1991/vnet-tensorflow	26	2	1
294	deepblacksky/vgg_tensorflow	11	2	0
295	georgeseif/semantic-segmentation-suite	572	41	13
296	taki0112/resnext-tensorflow	54	1	1
297	russell91/tensorbox	436	64	13
298	timctho/shufflenet-v2-tensorflow	22	0	1
299	yuanluya/dbnet_tensorflow	8	0	0
300	bihaqo/t3f	29	0	0
301	kweisamx/tensorflow-espcn	8	1	0
302	levinj/ssd_tensorflow_voc	24	1	3
303	panweihit/dropneuron	13	1	0
304	ncgarcia/modality-distillation	2	0	0
305	lisjin/dcan-tensorflow	21	1	0
306	dgurkaynak/tensorflow-cnn-finetune	56	1	1
307	vividda/3d-physnet	2	0	0
308	takerum/vat_tf	57	3	0
309	mg2033/shufflenet	100	4	1
310	johnyc1995/dsn_tensorflow_code	1	0	0
311	steven-lang/dfi-tensorflow	10	0	0
312	luannd/minutiaenet	19	2	0
313	kevinzakka/spatial-transformer-network	159	7	1
314	debarko/capsnet-tensorflow	52	1	1
315	vonclites/squeezenet	57	3	0
316	yuhuima/dfn-tensorflow	24	4	0
317	vyraun/dni-tensorflow	13	0	0
318	noahfl/densenet-sdr	14	0	0
319	drewnf/tensorflow_object_tracking_video	183	3	2
320	jiyanggao/ctap	9	0	0
321	ritchieng/resnet-tensorflow	14	1	0
322	curiousai/mean-teacher	146	14	5
323	qianguih/voxelnet	133	19	1
324	markdtw/condensenet-tensorflow	12	1	0
325	gaussic/text-classification-cnn-rnn	896	33	18
326	dalgu90/wrn-tensorflow	12	1	0
327	devkihyun/rdn-tensorflow	1	0	0
328	nanqingd/deeplabv3-tensorflow	82	1	0
329	guanfuchen/deep_sort	0	0	0
330	mtmc-deecamp2018/deep_sort	1	0	0
331	taki0112/switchable_normalization-tensorflow	6	0	0
332	jonathonluiten/premvos	11	1	0
333	fabianbormann/tensorflow-deconvnet-segmentation	81	7	1
334	yuxwind/epsilonresnet	3	1	0
335	yangyanli/pointcnn	227	58	3
336	ailias/focal-loss-implement-on-tensorflow	62	0	0
337	ramakanth-pasunuru/video-dialogue	1	0	0
338	chenwuperth/rgz_rcnn	13	2	0
339	tropcomplique/faceboxes-tensorflow	32	3	0
340	georgesung/ssd_tensorflow_traffic_sign_detection	202	7	3
341	woodrush/neural-art-tf	128	2	4
342	yxlijun/cifar-tensorflow	6	0	1
343	dalgu90/resnet-18-tensorflow	48	4	2
344	ivclab/neuralmerger	1	0	0
345	chuckcho/kinetics-i3d	5	2	1
346	antlerros/tensorflow-fast-neuralstyle	24	1	3
347	kozistr/rcan-tensorflow	2	0	0
348	miguelmonteiro/vnet-tensorflow	20	1	0
349	xiaosucheng/densecap-tensorflow	3	0	0
350	mg2033/mobilenet	36	1	0
351	memespaper/memes_pipeline	8	2	0
352	dtananaev/tf_lstm_depth	0	0	0
353	devkihyun/srcnn-tensorflow	0	0	0
354	kobiso/senet-tensorflow-slim	12	0	0
355	yangxue0827/r2cnn_head_fpn_tensorflow	34	0	0
356	kweisamx/vdsr	10	3	0
357	smellly/densenet-tensorflow	0	0	0
358	dshahrokhian/yolo_tensorflow	24	2	0
359	barisgecer/facegan	19	0	0
360	kweisamx/tensorflow-srcnn	3	0	0
361	3ammor/video-pixel-networks	10	2	0
362	wenxichen/tensorflow_yolo2	10	0	0
363	hwalsuklee/tensorflow-fast-style-transfer	50	7	0
364	zhangdebin1119/py-faster-rcnn-cpu-	0	0	0
365	jiny2001/dcscn-super-resolution	140	13	2
366	hiwonjoon/maml-tensorflow	8	0	0
367	tkuanlun350/3dunet-tensorflow-brats18	31	0	0
368	xuyuwei/resnet-tf	27	0	0
369	decayale/fcrn-depthprediction	0	0	0
370	masazi/cnn_depth_tensorflow	44	1	0
371	kendricktan/suiron	81	7	2
372	lpqdao/models	0	0	0
373	ayush1997/xvision	110	3	2
374	coopss/emnist	32	2	0
375	zhengyang-wang/3d-unet--tensorflow	23	0	0
376	pedro-morgado/spatialaudiogen	3	0	0
377	niudong1001/cognitive_mapping_and_planning	0	0	0
378	habrman/facerecognition	67	1	4
379	louieyang/deep-photo-styletransfer-tf	141	4	6
380	shengjiazhao/pixelvae	1	1	0
381	philipperemy/tensorflow-class-activation-mapping	35	4	0
382	alexemg/deeplabcut	366	38	5
383	felixgruen/tensorflow-u-net	9	0	0
384	yxu0611/tensorflow-implementation-of-lcnn	13	0	0
385	bigsnarfdude/faster-rcnn_tf	43	3	0
386	wangyueft/dgcnn	82	4	0
387	ghwatson/faststyle	44	7	0
388	faustomilletari/cfcm-2d	3	0	0
389	tensorlayer/srgan	480	26	5
390	floydhub/fast-style-transfer	49	7	3
391	taesung89/real-nvp	19	3	2
392	wenwei202/terngrad	35	2	0
393	taki0112/partial_conv-tensorflow	5	0	0
394	olavhn/fast-neural-style	49	12	0
395	sirius-ai/mobilefacenet_tf	67	3	1
396	whitesockcat/discriminative-feature-network	2	0	0
397	kevinjliang/tf-faster-rcnn	87	5	1
398	naturomics/capslayer	94	9	5
399	heumi/fast_multi_style_transfer-tensorflow	33	2	0
400	dq0408/sphereface-tensorflow	0	0	0
401	nanqingd/densenet-tensorflow	6	0	0
402	li-ming-fan/ocr-detection-ctpn	64	2	1
403	iwyoo/tps_stn-tensorflow	9	0	0
404	zardinality/tf_deformable_net	47	1	1
405	wenxinxu/resnext-in-tensorflow	26	1	0
406	fregu856/segmentation	63	3	3
407	zsdonghao/spatial-transformer-nets	5	1	0
408	huanzhang12/crown-robustness-certification	2	0	0
409	sangeet259/tensorflow_unpooling	4	0	0
410	fwtan/who_where	4	0	0
411	wbenbihi/hourglasstensorlfow	131	10	3
412	eridgd/wct-tf	61	12	1
413	deeprnn/image_captioning	213	19	19
414	flrngel/transformer-tensorflow	2	0	0
415	tgyg-jegli/tf_texture_net	20	0	0
416	seathiefwang/rdn-tensorflow	4	0	0
417	haebinshin/dec-tensorflow	9	0	0
418	dazhang-cv/s3d	1	0	0
419	tryolabs/luminoth	334	11	2
420	shashanktyagi/hyperface-tensorflow-implementation	34	11	0
421	zhengyang-wang/unet_3d	18	1	0
422	judyye/zero-shot-gcn	132	2	0
423	nmhkahn/dncnn-tensorflow	8	0	1
424	yselivonchyk/tensorflow_whatwhereautoencoder	9	1	0
425	max-andr/joint-cnn-mrf	7	0	0
426	marcoancona/deepexplain	47	5	1
427	jorgeceja/food101-tensorflow	7	0	0
428	stanford-futuredata/noscope	109	6	0
429	ericzgw/pyramidbox	82	1	0
430	hikapok/xception_tensorflow	3	0	0
431	hikapok/ssd.tensorflow	125	17	1
432	liuhengli/linknet_tensorflow	5	0	0
433	llsourcell/capsule_networks	203	5	1
434	albertlai/deep-style-transfer	19	1	0
435	henrysky/astronn	15	0	0
436	maybeshewill-cv/lanenet-lane-detection	291	19	23
437	ly-atdawn/unet-tensorflow	9	0	0
438	lesliejackson/yolov1_tensorflow	8	0	0
439	cameronfabbri/compute-features	52	0	0
440	hassony2/kinetics_i3d_pytorch	72	5	0
441	johswald/bayesian-flownet	7	0	2
442	v-shmyhlo/retinanet-tensorflow	6	0	0
443	comindorg/federated-averaging-tutorials	16	0	0
444	sunjieee/mobilenets-tensorflow	3	0	0
445	fregu856/2d_detection	40	1	0
446	shaohua0116/activation-visualization-histogram	59	4	0
447	llsourcell/yolo_object_detection	595	7	9
448	robinatp/tensorflow_model_slim_classify	17	0	0
449	ichuang/tflearn_wide_and_deep	56	2	0
450	openai/glow	387	22	7
451	mengrang/dfl-cnn-tensorflow	11	0	0
452	vudung45/facerec	82	5	1
453	shenweichen/deepctr	432	10	2
454	kastnerkyle/deform-conv	161	115	1
455	hq-jiang/instance-segmentation-with-discriminative-loss-tensorflow	34	2	0
456	lijiancheng0614/tensorflow_object_detection	10	0	1
457	innerpeace-wu/im2p-tensorflow	3	0	0
458	hasnainraz/fc-densenet-tensorflow	28	2	0
459	ruiminshen/yolo-tf	78	2	0
460	kleinyuan/tf-object-detection	35	1	0
461	xusean0118/dvsnet	20	3	0
462	geonseoks/ssd-tensorflow	0	0	0
463	gitlimlab/representation-learning-by-learning-to-count	15	0	0
464	corea/automatic-portrait-tf	22	1	1
465	shanren7/real_time_face_recognition	410	7	4
466	balancap/tf-imagenet	13	0	0
467	nnuyi/non-local_nets-tensorflow	25	0	0
468	stesha2016/tensorflow-classification	1	1	0
469	darkonhub/darkon	37	2	0
470	marsan-ma-zz/imgrec	32	2	0
471	flyzaway/deep-cross-tensorflow	6	0	0
472	alexacarlson/sensoreffectaugmentation	2	0	0
473	zhongwen/predictron	46	1	2
474	wanggrun/learning-feature-pyramids-for-coco	1	0	0
475	bgshih/seglink	60	2	0
476	sanster/tf_ctpn	9	0	0
477	lixilinx/psgd_tf	10	0	0
478	whitehuai/tensorflow-fcn	2	0	0
479	asanakoy/deeppose_tf	38	4	4
480	petarv-/gat	187	20	2
481	simo23/tinyyolov2	26	1	0
482	machrisaa/tensorzoom	29	3	0
483	buffer51/lstm-rcnn-pedestrian-detection	40	2	1
484	daigo0927/pwc-net_tf	14	1	1
485	yfxc/tensorflow-t3d	2	0	0
486	samitok/deeppose	13	1	0
487	dushyantadhyani/kdtf	20	2	0
488	jack-willturner/batchnorm-pruning	7	0	0
489	kelkelcheng/gc-net-tensorflow	6	0	0
490	conan7882/googlenet-inception-tf	70	5	0
491	benbenlijie/style_swap_tensorflow	9	1	0
492	chenxi116/tf-deeplab	14	1	0
493	ohadlights/mobilenetv2	5	0	0
494	wenqiwenqi1/neural-style	9	0	0
495	holyseven/pspnet-tf-reproduce	24	0	0
496	hikapok/tf.fashionai	64	0	0
497	tbornt/ucdig_tensorflow	1	0	0
498	huanzhang12/clever	10	1	0
499	kuku-sichuan/fpn_faster_rcnn	8	0	0
500	chenyncv/senet-tensorflow	5	0	0
501	yangxue0827/mobilefacenet_tensorflow	19	1	0
502	jingxil/pointer-networks	11	0	0
503	solivr/tf-crnn	67	3	4
504	yxlijun/tensorflow-yolov1	1	0	0
505	aiinai/tf-insightface	36	0	0
506	aminehorseman/facial-expression-recognition-using-cnn	43	1	0
507	gstaff/tfzip	11	2	0
508	luxu1113/resnet-tensorflow	0	0	0
509	auroua/tf_rfcn	11	1	0
510	mfigurnov/sact	46	1	0
511	railsnoob/ssd_tensorflow	2	0	0
512	yule-li/cosface	65	1	1
513	pocheyeniu/summarunner	7	1	0
514	leeyoshinari/yolo_v2	23	2	0
515	ibm/tensorflow-large-model-support	11	2	2
516	akuanchang/edge-detection-using-deep-learning	4	0	0
517	lizhuorong/adversarial-reprogramming-tensorflow	0	0	0
518	pavelgonchar/colornet	308	11	4
519	gudarjs/facial-recognition-tensorflow	1	1	0
520	avoroshilov/neural-style	1	0	0
521	fisheess/modular_ssd_tensorflow	5	0	0
522	zonetrooper32/vdcnn	32	2	1
523	mshunshin/segnetcmr	22	2	0
524	smallcorgi/3d-deepbox	103	1	0
525	nvlabs/noise2noise	100	5	1
526	hikapok/x-detector	34	3	0
527	shenmbsw/tensorflow-dropblock	3	0	0
528	bai-shang/ocr_tf_crnn_ctc	52	45	0
529	janivanecky/artistic-style	22	3	0
530	ckchaos/tlnet-tensorflow	1	0	0
531	hwalsuklee/tensorflow-mnist-mlp-batch_normalization-weight_initializers	11	0	0
532	xyf513/spidercnn	2	0	0
533	ildoonet/tf-lcnn	9	0	0
534	raj-08/tensorflow-object-contour-detection	14	0	0
535	hycis/tensorgraphx	20	0	1
536	weilinie/backpropvis	0	0	0
537	kevinhexin/unet_tensorflow	0	0	0
538	muhammadzaheer/roadway_intel	19	3	1
539	weisupreme/shufflenet2-tensorflow	0	0	0
540	therne/relation-networks-tensorflow	2	0	0
541	kimoktm/u-net	25	2	2
542	saeeeeru/dtc-tensorflow	8	1	0
543	oandrienko/fast-semantic-segmentation	26	2	0
544	detectionteamucas/r-fcn_tensorflow	3	0	0
545	avoroshilov/tf-squeezenet	6	0	0
546	ritchieng/wideresnet-tensorlayer	17	1	0
547	zjulearning/pixel_link	211	18	3
548	hasnainraz/skin-segmentation-tensorflow	6	1	0
549	shenduliandan/mobilenet-v2	3	0	0
550	li-ming-fan/ocr-crnn-ctc	23	0	2
551	amobiny/capsule_network_tensorflow	1	1	0
552	eragonruan/refinenet-image-segmentation	37	0	0
553	alvinzhu/py_densenet	1	0	0
554	amir-saniyan/zfnet	4	0	0
555	randaller/cnn-rtlsdr	25	1	0
556	shuangxieirene/mobilenet-v2	11	0	0
557	melonwan/densereg	33	2	0
558	iwyoo/temporalregularitydetector-tensorflow	7	0	0
559	ildoonet/tf-mobilenet-v2	20	0	0
560	harry19902002/image-style-transfor	66	1	1
561	dthiagarajan/grozi_tf	6	0	0
562	fps7806/graph-cnn	11	1	0
563	alexander-rakhlin/iciar2018	37	0	0
564	mercileesb/delf_tensorflow	2	0	0
565	dengdan/seglink	156	4	2
566	iamaaditya/image-compression-cnn	49	1	1
567	ap229997/deeplab_tensorflow	0	0	0
568	blouargant/deep_painting	0	0	0
569	kim-skyline0205/monodepth	0	0	0
570	loliverhennigh/steady-state-flow-with-neural-nets	34	1	0
571	peace195/sppnet	28	0	0
572	colincsl/temporalconvolutionalnetworks	55	1	0
573	iwbn/age-estimation-ranking-tensorflow	1	0	0
574	dengdan/tf-pvanet	8	1	1
575	robbertbrand/yolo-tensorflow-implementation	0	0	0
576	paengs/netreform	3	1	0
577	deepsegment/fcn-googlenet	26	1	0
578	crestonbunch/tbcnn	24	3	1
579	learningtitans/isbi2017-part3	20	1	0
580	ruishu/fast-style-transfer	0	0	0
581	xjtuwyd/dorefa_cifar10	2	0	0
582	bayeswatch/tf-variational-dropout	7	1	0
583	panji1990/deep-subspace-clustering-networks	55	5	0
584	shafeentejani/fast-style-transfer	33	4	6
585	yuanming-hu/exposure	78	2	2
586	katsugeneration/tensor-fsmn	25	2	1
587	taogelose/my_yolo_tensorflow	1	0	0
588	gitbosun/roomnet	12	3	0
589	tonypeng/tensorstyle	1	0	0
590	lucasb-eyer/nonlocal-tf	12	0	0
591	hillox/tfmaskrcnn	9	0	0
592	kkjh0723/icub-tensorflow	0	0	0
593	mengrang/cpn-tensorflow	1	0	0
594	paulchongpeng/yolo2tensorflow	18	0	0
595	preritj/segmentation	33	1	0
596	madrylab/cifar10_challenge	57	13	0
597	tianzhongsong/tensorflow-quantization-test	6	1	0
598	princeton-vl/pose-ae-demo	31	0	0
599	bryanyzhu/deepof	7	0	0
600	taigw/brats17	98	11	2
601	worstprogrammercn/fcn-tensorflow-ade20k	1	0	0
602	mingfx/siamfc-tensorflow	0	0	0
603	truskovskiyk/logos.tensorflow	2	0	0
604	jimmyyhwu/style-transfer	4	0	0
605	kaonashi-tyc/rewrite	105	6	1
606	rayanelleuch/speed-accuracy-trade-offs-for-modern-convolutional-object-detectors	17	0	1
607	ryujaehun/alexnet	3	0	0
608	proofbyconstruction/texture-networks	6	1	0
609	aby2s/sharpmask	6	1	0
610	leerel1991/facealignment_tensorflow	14	0	1
611	jangsoopark/idn-tensorflow	0	0	0
612	lerrel/grasp-detector	10	0	0
613	jerryli27/twingan	60	2	1
614	udacity/carnd-semantic-segmentation	735	578	41
615	miguelmonteiro/crfasrnnlayer	10	0	0
616	dawars/squeezenet-tf	9	0	0
617	mohamedkeid/feed-forward-style-transfer	33	1	0
618	xiaofanglegoc/tensorflow-fcn	0	0	0
619	tramac/densevoxnet-tensorflow	4	0	0
620	mananrai/tensorflow-openpose	2	0	0
621	nnuyi/peleenet	16	1	0
622	cc-hpc-itwm/tensorquant	10	3	0
623	mlearing/tensorflow-mtcnn	0	0	0
624	pinto0309/tensorflow-enet	0	0	0
625	shinjayne/shintb	33	1	0
626	desimone/segmentation-models	10	0	0
627	altosaar/vimco_tf	2	0	0
628	arassadin/image-compression-benchmarking	15	0	0
629	zonghaofan/dilation-tensorflow	0	0	0
630	bethgelab/decompose	5	0	0
631	ibm/max-object-detector	23	3	0
632	kyubyong/sudoku	87	8	2
633	ling-bao/mscnn	18	2	0
634	kobiso/super-convergence-tensorflow-slim	0	0	0
635	hikapok/tf-senet	19	0	0
636	kejielyu/residual-attention-network	12	0	0
637	ksaito-ut/atda	5	0	0
638	feifeibear/distributed-resnet-tensorflow	4	0	0
639	sk1712/gcn_metric_learning	39	1	1
640	benbenlijie/style_transfer_tensorflow	0	0	0
641	hoya012/shake-shake-tensorflow	0	0	0
642	zhangqianhui/residual_image_learning_gan	8	0	0
643	jaywongwang/densevideocaptioning	22	3	1
644	eridgd/adain-tf	11	0	0
645	magical2world/tensorflow-tree-cnn	4	0	0
646	deworrall92/harmonicconvolutions	39	7	0
647	milliondegree/semantic-segmentation-tensorflow	6	0	0
648	mayuri0192/object-tracking-using-cnn-and-rnn	16	0	0
649	bgshih/vgg16.tf	0	0	0
650	min2209/dwt	52	4	0
651	coder3101/neural-style-transfer	0	0	0
652	halimacc/densehumanbodycorrespondences	10	0	0
653	murdockhou/multiposenet-tensorflow	4	1	0
654	mocr/ddpg	12	0	0
655	sirius-ai/mobilenetv2_tf	0	0	0
656	nnormandin/yellowfin_keras	3	0	0
657	swxhss/densenet_tensorflow	0	0	0
658	deep-diver/deepmodels	14	0	0
659	frankgu/3d-densenet	43	0	1
660	khushmeeet/squeezenet	4	0	0
661	djl11/pwc_net_tensorflow	4	0	0
662	dafanghe/tensorflow_scenetext_oriented_box_predictor	6	1	0
663	helloyide/cross-stitch-networks-for-multi-task-learning	15	0	0
664	anushuk/tensorflow-object-detection	0	0	0
665	infocom-tpo/tf-openpose	5	0	0
666	wzirui/guided-neural-style	6	0	0
667	rachit2403/easy-cut	1	0	0
668	tnikolla/robot-grasp-detection	35	1	4
669	lahirujayasinghe/rul-net	10	0	1
670	madrylab/mnist_challenge	68	8	0
671	chengbinjin/real-time-style-transfer	4	0	0
672	yudewang/fpn_semantic_segmentation	20	1	0
673	fastai/tf-fit	6	1	0
674	rostifar/nyudepthnet	15	0	0
675	mohamedkeid/texture-synthesis	10	0	0
676	paengs/net2net	17	0	1
677	wanzysky/fine-gained-classification	3	0	0
678	shafeentejani/style-transfer	14	1	0
679	ritchieng/numnum	19	0	1
680	yunzeman/ircnn	2	1	0
681	filippomb/reservoir-computing-framework-for-multivariate-time-series-classification	5	1	0
682	samuelzhouhe/poseguidedimggeneration	9	1	0
683	hfawaz/bigdata18	27	2	0
684	leekyungmoon/judging-a-book-by-its-cover	4	0	0
685	tencent/tencent-ml-images	407	10	1
686	enjia/spatial-regularization-network-in-tensorflow	2	0	0
687	wengong-jin/nips17-rexgen	19	0	1
688	rakutentech/stadv	9	0	0
689	yangxueruivs/dfsmn	11	1	1
690	leeyoshinari/yolo_tiny	6	0	0
691	ashwhall/dsnt	11	0	0
692	hikapok/groupnormalizationtf	2	0	0
693	sagieppel/fully-convolutional-neural-network-fcn-for-semantic-segmentation-tensorflow-implementation	30	3	0
694	shijx12/deepsim	5	0	0
695	gunshi/appearance-flow-tensorflow	1	0	0
696	jiny2001/deeply-recursive-cnn-tf	25	0	0
697	eigenpro/eigenpro2	6	0	0
698	danielzuegner/nettack	23	2	0
699	skydes/concrete-dropout	2	0	0
700	kozistr/awesome-segmentations	10	0	0
701	knowledgetechnologyuhh/emotionrecognitionbarros	1	0	0
702	wuyx/cnn---dslr-quality-photos-on-mobile-devices-with-deep-convolutional-networks	1	0	0
703	nilboy/colorization-tf	31	4	0
704	micmelesse/3d-reconstruction-with-neural-networks	27	0	0
705	yashkant/padam-tensorflow	4	1	0
706	tonychanbb/chinese_painting-style	7	0	0
707	chan-y-park/img2txt	5	0	0
708	lirongwu/doform_conv_tensorflow	7	0	0
709	dhruv-mohan/super_tf	0	0	0
710	yukunchen113/resnetcnn	1	0	0
711	uranusx86/random-erasing-tensorflow	0	0	0
712	tetianadadakova/mri-cnn	17	0	0
713	skaftenicki/ddtn	6	1	0
714	yanx27/yolo_tensorflow	0	0	0
715	cabinfeverb/rotationnet-tensorflow	0	0	0
716	chrisgundling/yolo_light	27	2	1
717	jiamings/fast-weights	21	0	0
718	towardsnorth/yolo_v1_tensorflow_guiyu	11	1	0
719	lantaoyu/residual-networks	11	0	0
720	miendinh/vietnameseocr	15	0	0
721	crazydemo/facial-attribute-classification-with-graph	2	0	0
722	zjucx/roseprisma	15	0	0
723	penny4860/weakly-supervised-text-detection	10	0	0
724	holyseven/transferlearningclassification	8	0	0
725	kaspermarstal/brainnet	9	0	0
726	pacocp/convolutional-neural-net-tutorial	0	0	0
727	kstaats/karoo_gp	48	6	0
728	mgoubran/meuralpaint	4	0	0
729	gcucurull/neural-art-transfer	5	1	1
730	dekhtiarjonathan/tensorflow-tensorlayer-zoo	1	1	0
731	machine-learning/inception-v3-tensorflow	0	0	0
732	aparav/artistic-style	0	0	0
733	ni9elf/qanet	14	1	0
734	tolstikhin/adagan	15	2	0
735	xjtuwyd/twn	2	0	0
736	hirokiyokoyama/tracking_via_colorizing	5	1	1
737	justin-tan/entropy-sgd-tf	1	0	0
738	jimeffry/ssh-tensorflow	0	0	0
739	whitehuai/faster-rcnn-tensorflow	0	0	0
740	compvis/adaptive-style-transfer	66	6	0
741	stonyshi/my_attention_ocr	2	0	0
742	dhzs/tf-deformable-conv-layer	7	0	0
743	edgelord/fractalnet	12	1	0
744	maple-research-lab/cappronet_tf	2	0	0
745	tkchris93/forwardthinking	22	1	1
746	sthalles/face-similarity	9	0	0
747	jasonlitw/simple-railway-captcha-solver	120	4	0
748	tensorlayer/adaptive-style-transfer	17	1	0
749	mirzaevinom/data_science_bowl_2018	48	3	0
750	wunderdogsw/tensorflow-image-classification-tutorial	3	0	0
751	jakebelew/gated-pixel-cnn	9	1	0
752	dojoteef/dvae	5	0	0
753	ftokarev/tf-adain	14	4	1
754	cutlass90/grad-cam-tensorflow	0	0	0
755	arberzela/imagenet32-tensorflow	1	0	0
756	dot27/temporal-tessellation	19	1	0
757	jinyanxu/resnet_cifar-10_tensorflow	0	0	0
758	xlmou/semantic-segmentation-tensorflow	1	0	0
759	cydonia999/grad-cam-in-tensorflow	2	0	0
760	wavce/refinedet_tf	3	0	0
761	nnuyi/srgan	13	1	2
762	versechow/segnet_tensorflow	0	0	0
763	zhyj3038/traffic_detection_yolo2	9	1	0
764	vainf/neural-style-transfer-gatys	0	0	0
765	google/ffn	57	13	2
766	lzane/siamfc-tf	8	1	0
767	mlearing/tensorflow-pyramidbox	0	0	0
768	mlearing/tensorflow-deeplab-v3	0	0	0
769	lapis-hong/wide-resdnn	9	0	0
770	geeklib/facenet	3	0	0
771	olekristensen/fast-style-transfer	1	0	0
772	sarslancs/graph_saliency_maps	4	0	0
773	markojerkic/tensorflow_style_transfer	1	0	0
774	jiangqh/style-transfer-in-tensorflow	1	0	0
775	ly-atdawn/show-and-tell	1	0	0
776	macwinwin/deep-model-transfer	23	0	0
777	markdtw/temperature-scaling-tensorflow	3	0	0
778	xingjunm/lid_adversarial_subspace_detection	26	6	0
779	mr-woeng/cifar-model-tensorflow	1	0	0
780	labsix/adversarial-logit-pairing-analysis	9	0	0
781	capslockor/mtcnn-tensorflow	0	0	0
782	cjratcliff/variational-dropout	2	0	0
783	loliverhennigh/ultrasound-nerve-segmentation-in-tensorflow	3	1	0
784	fullfanta/multimodal_transfer	5	0	0
785	tonitick/ar-cnn	2	0	0
786	lwchen6309/unsupervised-image-segmentation-by-wnet-with-normalizedcut	3	0	0
787	mohamedkeid/style-transfer-algorithm	6	0	0
788	daniel-ai/tf-style-transfer	1	0	0
789	dbusbridge/tf-best-practices	7	0	0
790	lzx551402/geodesc	19	1	0
791	rassibassi/claude	4	0	0
792	tropcomplique/light-head-rcnn	6	1	0
793	koichiro11/residual-attention-network	20	1	0
794	andersonjo/global-average-pooling	5	0	0
795	ruohanw/magan	5	1	0
796	akaraspt/deepsleepnet	50	2	2
797	demonfuneral/image-object-localization	15	0	0
798	junbinwang/tensorflow-style-transfer-with-adain	0	0	0
799	aichitudou/yolo_tensorflow_car	0	0	0
800	mlearing/tensorflow-yolo-v1	0	0	0
801	dengzelu/densenet-tensorflow-imagenet	1	0	0
802	zhyj3038/pymdnet	5	1	0
803	akshaybahadur21/autopilot	81	1	2
804	csehong/sspp-dan	10	1	0
805	hfawaz/dl-4-tsc	52	1	0
806	sunnerli/rir-tensorflow	1	0	0
807	conan7882/vgg-cifar-tf	4	1	0
808	automan000/deeplab_v1_tf1.0	0	0	0
809	sebasvega95/neural-style-transfer	3	0	0
810	episci/safeai	8	2	0
811	vladislavprh/mdr	4	1	0
812	hao-qiang/ganimation-tf	2	0	0
813	nnuyi/mobilenet_v2	1	0	0
814	vohoaiviet/r2cnn_fpn_tensorflow	0	0	0
815	yuanyuanli85/fashionai_keypoint_detection_challenge_keras	35	0	0
816	leeyoshinari/yolo_v1	5	0	0
817	hsddlz/faster-ctpn	35	0	0
818	lewuathe/tensorflow-styletransfer	0	0	0
819	kakugawa/metalcnnweights	9	1	2
820	johnnylu305/simple-does-it-weakly-supervised-instance-and-semantic-segmentation	5	0	0
821	michigancog/m-pact	11	0	0
822	softwaregift/mvsnet	3	0	0
823	sthalles/dense-net	9	0	0
824	mtreml/squeezenet	1	0	0
825	iwyoo/tf_conv_cosnorm	0	0	0
826	chshin10/epinet	13	2	0
827	browningwan/fast-neural-style-android-app	3	0	0
828	mks0601/tf-simplehumanpose	30	2	0
829	kleinyuan/tf-segmentation	1	0	0
830	superlich7/fasterrcnntf_icpr2018	7	0	0
831	gyiming/mobileslam	0	0	0
832	seokjuns/hide-and-seek-tensorflow	0	0	0
833	tegusi/rgcnn	2	0	0
834	alisure-ml/semantic-segmentation-dilatedconvolution	2	0	0
835	lyj8330328/object-detection	2	0	0
836	datlife/steering-model	1	0	0
837	johnmartinsson/bird-species-classification	11	0	0
838	watsonyanghx/resnet	0	0	0
839	hodgka/pixel-recursive-super-resolution	4	0	0
840	christiankaiser/segnet.tf	0	0	0
841	silburt/deepmoon	8	1	0
842	ishmav16/dual-cnn-models-for-unsupervised-monocular-depth-estimation	9	0	0
843	jinnovation/derain-net	2	0	0
844	daniel985/mobilenet4segmentation	5	0	0
845	tommoral/adaptiveoptim	7	0	0
846	lesliezhoa/tensorflow-yolo1	20	0	0
847	tchaton/deeplda	2	0	0
848	jhb86253817/tf-re-id	20	0	1
849	shakarim94/net-sure	3	0	0
850	nikhilmaram/show_and_tell	17	2	0
851	penny4860/kitti-road-semantic-segmentation	7	0	0
852	fensichen/faster-rcnn-tf	4	0	0
853	ywiyogo/squeezenet	0	0	0
854	yellowpig-zp/neural-style	0	0	0
855	creoin/tensorflow_cnn_fine-tuning	1	0	0
856	tongxyh/maskrcnn	1	0	0
857	qhan1028/fully-convolutional-networks	9	0	0
858	muyang0320/tf-fcn	1	0	0
859	imatge-upc/3d-gan-superresolution	17	0	0
860	srebuffi/icarl	37	4	1
861	hovinh/decnn	2	0	0
862	qiaohan/object_detection	0	0	0
863	wangxianliang/shufflenet_v2_tensorflow	3	0	0
864	zqdeeplearning/ssd-tf	1	0	0
865	alldbi/flm	1	0	0
866	rmkemker/earthmapper	21	0	3
867	pourabkarchaudhuri/unsupervised-clustering-faces-tensorflow	0	0	0
868	rongpeng-lin/pconv_in_tf	7	1	0
869	jpmcd/tensorflow-knowledgedistillation	0	0	0
870	jackie840129/texture_synthesis_with_tensorflow	2	0	0
871	selinafelton/lightfacenet	13	0	0
872	auroua/l_softmax_tensorflow	11	0	0
873	snehasinghania/stresnet	9	0	0
874	watersink/character-segmentation	4	0	0
875	shyamsn97/neuralstyletensorflow	0	0	0
876	breadbread1984/c3d	6	1	0
877	jaesik817/nips17_adv_attack	1	0	0
878	heartkilla/yolo-v3	11	2	0
879	bharat-rajani/object-detection-with-yolo-and-tensorflow	3	0	0
880	evtimovi/robust_physical_perturbations	10	1	0
881	kangxue/p2p-net	2	0	0
882	alisure-ml/capsnet	1	0	0
883	rickyhong/tensorflow-docu-reg-repl	0	0	0
884	adodd202/kaggle-statoil-challenge	1	0	0
885	jinyanxu/neural-aggregation-network-for-video-face-recognition	10	1	0
886	kshmelkov/incremental_detectors	8	0	0
887	kitsune999/optical-flow-guided-feature	9	0	0
888	pby5/tensorflow_object_tracking_video	4	0	0
889	marian-margeta/gait-recognition	77	2	0
890	hungsing92/canshi	3	0	0
891	phraust1612/cifar100challenge	1	0	0
892	hiwonjoon/tf-frrn	15	2	0
893	hzy46/faster-rcnn	5	0	0
894	liuhuiwisdom/object_detection	51	48	0
895	junshengfu/driving-behavioral-cloning	6	0	0
896	conan7882/neural-style-tf	1	0	0
897	olafenwamoses/idenprof	34	0	0
898	shenyuanyuan/imsat	3	0	0
899	zhuxinqimac/b-cnn	7	1	0
900	dubvulture/tensor_fcn	2	0	0
901	robotlocomotion/labelfusion	31	3	1
902	qq919056489/scencerecognition	0	0	0
903	google/differentiable-atomistic-potentials	1	0	0
904	keithyin/faster-rcnn_tfpy2	4	0	0
905	watersink/ocrsegment	10	0	2
906	humanity123/deep_image_styler	0	0	0
907	pfcm/sonnet-mobilenet	0	0	0
908	at553/tfdepth	2	0	0
909	roganinglis/matrixcapsuleswithemrouting	0	0	0
910	paulemmanuelsotir/nyc_taxitripduration	1	0	0
911	chengpengchen/tf-faster-rcnn-relation-module	1	0	0
912	skmhrk1209/ran	1	0	0
913	yuhui-lin/various_residual_networks	1	0	0
914	everfor/neural_artistic_style	0	0	0
915	alexhex7/capsnet_pytorch	2	0	0
916	zehaos/tfstn	5	0	0
917	aparnaakk/neural_style_transfer	0	0	0
918	qixuxiang/mask_rcnn_ros	14	0	1
919	spiglerg/tf_continuallearningviasynapticintelligence	4	0	0
920	evhart/crees	6	2	0
921	danzelmo/mobilenet	3	0	0
922	thensbhasin/dnn_object_detection	3	0	0
923	minhyungcho/riemannian-batch-normalization	3	0	0
924	mborgerding/onsager_deep_learning	19	3	0
925	atomu2014/product-nets-distributed	13	0	0
926	mm1860/densenet_fcn	2	0	0
927	yucicheung/adaptivereconnet	3	0	0
928	lynnho/resnet-tensorflow	1	0	0
929	vijayvee/video-captioning	39	1	0
930	b-schneller/semantic-segmentation-of-retinal-fundus-vasculature	8	0	0
931	ranchmobile/tamil-ai	4	0	0
932	preritj/show_attend_tell	1	0	0
933	kevindubon/steering_model	2	0	0
934	maestrojeong/wgan_gp	0	0	0
935	assassint2017/object-detection-using-deep-learning	0	0	0
936	seanpmorgan/tf-weightnorm	1	0	0
937	anubhav0fnu/synthetic-video-generation-for-autonomous-cars	2	1	0
938	corticph/mstmodel	3	0	0
939	andrewginns/deep-photo-styletransfer-tf_win	2	0	0
940	hoshino042/pointnet_re	0	0	0
941	fdarmon/yolo_adaptation	2	0	0
942	festa78/semseg_tf	0	0	0
943	ex4sperans/ssd	2	0	0
944	abajaj945/ship-detection-using-tensorflow	0	0	0
945	yuluntian/neural_artistic_style	1	0	0
946	noprom/facenet	0	0	0
947	guanfuchen/facenet	2	0	0
948	zengyu714/segmentation	11	0	0
949	changjo/coordconv	3	1	0
950	uscdatascience/img2text	15	8	0
951	irfanicmll/inceptionv2_finetune	0	0	0
952	tandon-a/squeezenet	2	0	0
953	kejie-wang/end-to-end-learning-for-self-driving-cars	10	0	0
954	yipenghu/label-reg	18	1	0
955	lovish1234/yolov1	4	0	0
956	mohamedramzy1/inception-implementation-with-tensorflow	0	0	0
957	logictensornetworks/logictensornetworks	9	0	1
958	lslcode/ssd_for_tensorflow	40	0	0
959	mlenthusiast/mhcln	7	0	0
960	jarvis73/group_normalization	0	0	0
961	agassi4013/log-densenet-tensorflow	0	0	0
962	guanfuchen/semseg	58	0	1
963	goldservice2017/face-detection	0	0	0
964	luoru/iresnet-tf	5	1	0
965	meowoodie/imitation-learning-for-point-process	2	0	0
966	mohit-ak/capsnet_notmnist_affnist	1	0	0
967	conan7882/fast-style-transfer-tf	0	0	0
968	zhaofan0622/tf-ssd-vehicledetection	2	0	0
969	vaibhavsaini1996/deep-learning-project	0	0	0
970	matanatz/pcnn	9	1	0
971	mjvogelsong/tf-neural-ram	0	0	0
972	ckboss/densenet	1	0	0
973	satyenrajpal/semantic-segmentation-u-net	1	0	0
974	wanjinchang/mtcnn_use_tf_e2e	0	0	0
975	wbaek/tracking_via_colorization	5	0	0
976	rebornhugo/facialattribution	0	0	0
977	yangjirui/gluon2tf	0	0	0
978	adammiltonbarker/inceptionflow	3	2	0
979	kuleshov/convolutional-draw	2	0	0
980	albertogaspar/tf-super_resolution	1	0	0
981	ibm/ead-attack	7	0	0
982	arakhmat/mnist-adversarial-image-generator	0	0	0
983	omerbsezer/neuralstyletransfer	1	0	0
984	visva89/varnetrecon	0	0	0
985	karthkk/fastrcnndetect	1	0	0
986	fengyoung/image_style_tf_py3	0	0	0
987	icml-mcbn/mcbn	9	0	0
988	eglrp/ssd_tensorflow_traffic_sign_detection	3	0	0
989	rlaehgns5399/googlenet-inception-tf	0	0	0
990	datlife/faceid	1	0	0
991	perslev/autofocus-layer-tf	2	0	0
992	tavgreen/image_classification_of_simpsons_dataset	2	0	0
993	sahibdhanjal/mask-rcnn-pedestrian-detection	7	2	0
994	ppooiiuuyh/arcnn-fast	1	0	0
995	wdczs/improvedorn	1	0	0
996	xiaofengshi/capsnet_notmnist_affnist	1	0	0
997	caomw/tensorseg	1	0	0
998	pisimo/picamnn	31	1	0
999	jalajthanaki/real_time_object_detection_with_yolo	4	0	0
1000	zj10/nd-adam	0	0	0
1001	wwjwhen/watch-attend-and-parse-tensorflow-version	10	2	0
1002	bioimageinformatics/tfmodels	2	0	0
1003	ioanachelu/neural-art	0	0	0
1004	msokoloff1/real-time-style-transfer	0	0	0
1005	richmondu/libfaceid	38	0	1
1006	kongsea/fpn_tensorflow	17	0	0
1007	davidzengming/mnistevol	0	0	0
1008	ameroyer/pic	2	0	0
1009	tylersco/adapted_deep_embeddings	6	1	0
1010	cjratcliff/adaptive-regularization	1	0	0
1011	drogen120/oneshottexturesegmentation	1	0	0
1012	peace195/multi-column-deep-convolutional-neural-networks	0	0	0
1013	ivclab/agegenderlmtcnn	2	0	0
1014	mangate/elu_network	1	0	0
1015	zoli333/weight-normalization	2	0	0
1016	ozgyal/noise-layer-implemantation-on-alexnet	0	0	0
1017	pjunhyuk/inception-v3-cifar10	0	0	0
1018	nicolefinnie/darkellie	0	0	0
1019	hoangtrinh/vehicle_reid_using_fusion_of_multi_features	2	0	0
1020	apennisi/faster_rcnn	0	0	0
1021	jiangqh/dense-pixel-models-in-tensorflow	0	0	0
1022	ranjiewwen/tf_enhancedped	0	0	0
1023	yueruchen/resnet	0	0	0
1024	ly-atdawn/lightcnn-gluon	1	0	0
1025	molyswu/hand_detection	16	0	0
1026	siju-samuel/darkflow-yolo	0	0	0
1027	sagieppel/focusing-attention-of-fully-convolutional-neural-networks-on-region-of-interest-roi-input-map-	9	0	0
1028	garkp/luna16_challange	9	0	0
1029	jiweibo/svhn-multi-digit-recognition	4	0	0
1030	yuyakanemoto/neural-style-loss	0	0	0
1031	zhouilu/arm_tensorflow	0	0	0
1032	tejaslodaya/neural-style-transfer	5	0	0
1033	lzhengchun/deep-image-prior-tensorflow	1	0	0
1034	tomasreimers/tensorflow-graph-compression	5	0	0
1035	mingtaoguo/real-time-arbitrary-style-transfer-adain-tensorflow	1	0	0
1036	csnick93/weaklysupervisedlearning	0	0	0
1037	wei2624/feature_embed_googlenet	0	0	0
1038	tedyun/capsnet	0	0	0
1039	zhengyu-li/deep-network-compression-based-on-student-teacher-network-	3	0	0
1040	riga/lbn	0	0	0
1041	askmuhsin/semantic-seg-drivable-path	0	0	0
1042	cyh1112/vgg-transfer-learning	0	0	0
1043	human-analysis/tensorflownet	0	0	0
1044	bhairavmehta95/option-critic	0	0	0
1045	zjuzq/learn_openpose_tf	0	0	0
1046	wei2624/deep-metric-learning-in-tf	1	0	0
1047	yanx27/fast-style-transfer-tensorflow	1	0	0
1048	ash80/ordinal-pooling-networks	0	0	0
1049	ctuning/ck-tensorflow	16	5	0
1050	deeplearningt/targetdetection_faster-rcnn_tf	0	0	0
1051	juciny/tfpose	0	0	0
1052	dlforlife/retinanet	3	0	0
1053	seonbeomkim/tensorflow-image-style-transfer	0	0	0
1054	mackcmillion/reslearn	0	0	0
1055	tanukkii007/wavenet	1	0	0
1056	lartpang/mynet	2	1	0
1057	mengqingmeng/facenet	1	0	0
1058	ramakrv/facenet	0	0	0
1059	rtsaad/carnd-semantic-segmentation	0	0	0
1060	kjanjua26/custom_east	0	0	0
1061	ppaga/srgan	0	0	0
1062	soldie/webcam-face-recognition-using-tensorflow-and-opencv	1	0	0
1063	vvigilante/mobilenet_v2_keras	0	0	0
1064	robileo/ladder_network	2	0	0
1065	ftokarev/tf-neural-style	0	0	0
1066	ibm/clever-robustness-score	8	1	0
1067	piyush2896/neural-style-transfer	1	0	0
1068	sjoerdvansteenkiste/binding-tf	0	0	0
1069	nirmorgo/style-transferer	1	0	0
1070	bhneo/capsnet-experiments	0	0	0
1071	dopexxx/facepeeper	1	0	0
1072	amicks/speculator	26	0	0
1073	griffin-han/neural-style-transfer	0	0	0
1074	adler-j/wasserstein_inverse_problems	4	0	1
1075	mingjiang1988/ocr_dl	4	0	0
1076	xinxinmiao/sensitive_facenet	0	0	0
1077	adrz/movie-posters-convnet	1	0	0
1078	yuto3o/tf-crowdcounting	0	0	0
1079	face-recognition-rkb/facenet_explore	1	0	0
1080	magmatart/tf-domain-transfer-network	0	0	0
1081	alexhex7/faster_r-cnn_pytorch	0	0	0
1082	deep-diver/vgg	0	0	0
1083	msokoloff1/neural-art	0	0	0
1084	blanyal/neural-style	1	0	0
1085	georgesung/behavioral_cloning	7	0	0
1086	hanfeisun/unsupervised-typography-transfer	3	0	0
1087	qnfnwkd/deeppim	1	0	0
1088	saduf/ncs-challenge-submission	0	0	0
1089	festa78/objdet-tf	0	0	0
1090	wuyx/faster-rcnn	0	0	0
1091	wolfapple/carnd-behavioral-cloning-project	5	0	2
1092	sainandan-ramakrishnan/rich-image-captioning-using-attention	0	0	0
1093	rahul411/image-captioning-using-attention	0	0	0
1094	nathanin/tfmodels	0	0	0
1095	leconteur/captionimaging	0	0	0
1096	qq456cvb/collaborative-learning	0	0	0
1097	ibm/max-image-completer	7	1	0
1098	aminsaied/cornetto	0	0	0
1099	juiceleee/generative_adversarial_networks	0	0	0
1100	priteshgudge/dl-style-transfer	0	0	0
1101	yuexiajiao/faster-rcnn	0	0	0
1102	wuyx/insightface_	0	0	0
1103	anicolson/deepxi	16	1	0
1104	broadinstitute/signatureanalyzer-gpu	5	1	0
1105	ajayaraman/carnd-semanticsegmentation	0	0	0
1106	amiithinks/amii-tf-nn	1	0	0
1107	wuyx/insightface_tf.	0	0	0
1108	natvo/ins_face_tf	0	0	0
1109	deeplearnphysics/dynamic-gcnn	5	0	0
1110	sjentzsch/tf_vision	1	0	0
1111	lawliet1718/https-github.com-smallcorgi-faster-rcnn_tf	0	0	0
1112	balena-io-playground/movidius-rpi3-demo	3	0	0
1113	tlokeshkumar/dbpn-tf	2	0	0
1114	afagarap/multilayer-perceptron	2	1	0
1115	agoncharenko1992/fat-fast_adjustable_threshold	3	0	0
1116	keng000/text_detection_ctpn	0	0	0
1117	eyalzk/style_transfer	0	0	0
1118	yash9060/vigilancia	2	1	2
1119	bluedistro/face-recognition	1	0	0
1120	david-cortes/cmfrec	11	1	0
1121	seonbeomkim/tensorflow-matching_networks_for_one_shot_learning	2	0	0
1122	alisure-ml/object-detection-ssd	0	0	0
1123	zhwhong/magic-pixel	1	0	0
1124	jeffrey-ede/electron-micrograph-denoiser	0	0	0
1125	noxouille/rt-mrcnn	6	0	0
1126	iotjumpway/inceptionflow	0	0	0
1127	alexhagiopol/end-to-end-deep-learning	13	0	0
1128	blasphemyangels/imagecaption	1	0	0
1129	wuyx/mobilefacenet_tf	0	0	0
1130	hms-idac/unet	1	0	0
1131	israelabebe/plant_disease_detection	0	0	0
1132	will-j-gale/gta5-self-driving-car	1	0	0
1133	scottypate/sand-cnn	0	0	0
1134	you-leee/deep-nn-examples	0	0	0
1135	ruiqigao/deformablegenerator	0	0	0
1136	clutariomark/convneuralnetwork	2	0	0
1137	jakobwong/stereomagnification	1	0	0
1138	erdiaker/resnet	0	0	0
1139	murdockhou/lightweight_openpose	23	2	0
1140	arodiss/capsnet	0	0	0
1141	jack-dong/none_local_block	4	0	0
1142	ami66/new-text-detection-ctpn	20	0	0
1143	paulfitz/segmenty	1	0	0
1144	keillernogueira/fdsi	5	0	0
1145	yaonaiming/text-detection-ctpn-win	3	1	0
1146	amr4i/emotiondetection	1	0	0
1147	mohammed-elkomy/two-stream-action-recognition	7	1	0
1148	luckythj/style-transfer	0	0	0
1149	prajjwal1/neural-style	1	0	1
1150	pancakeawesome/scenetext_detection	2	0	0
1151	itisianlee/hourglass-tfslim	1	0	0
1152	tropcomplique/universal-style-transfer	0	0	0
1153	sagieppel/recognition-of-materials-in-transparent-vessel-using-fully-convolutional-neural-networks	0	0	0
1154	ibm/imagenet-robustness	1	0	0
1155	shoumo95/csx4337-project	1	0	0
1156	krushnaarengarajan/deepchem	0	0	0
1157	dikatok/tf-styletransfer-gatys	0	0	0
1158	xhelenfu/cnn_segmentation_histology	0	0	0
1159	ttitcombe/tfshell	0	0	0
1160	srk97/targeted-adversarial-mnist	1	0	0
1161	wuliangshun/ctpn	0	0	0
1162	wangyida/gm-cml	4	0	0
1163	jason-xi/ctpn_win	0	0	0
1164	markvdw/gpflow-inter-domain	3	0	0
1165	bw2color/bw2color	4	2	0
1166	ciciphus/pixel_link_keras	0	0	0
1167	longhuei/caesar	1	0	0
1168	abhisek-/alexnet	11	0	0
1169	kingdavid72/deepchem	0	0	0
1170	lilleswing/deepchem-slim	0	0	0
1171	tropcomplique/edanet	2	0	0
1172	jessevig/bertviz	106	12	0
1173	cysmith/neural-style-tf	584	27	12
1174	lsheiba/tensorflow-slim	0	0	0
1175	progresstogether/tensorflow_inception_v4	0	0	0
1176	taehoonlee/tensornets	138	12	0
1177	fishermanzzhang/tf_model_speed	1	0	0
1178	sbh2ch/tensorflow-slim-inception-resnet-v2	1	0	0
1179	wanghan0501/slim	0	0	0
1180	zengkv/slimlearn	0	0	0
1181	hassanes/finetune_model	0	0	0
1182	hukim1112/slim	0	0	0
1183	minfengucas/pig-classification	0	0	0
1184	ai100-csdn/quiz_slim	14	6	0
1185	hangjie720/tensorrt-program	5	0	0
1186	stesha2016/fork-slim	5	0	0
1187	stoensin/simple_densenet	0	0	0
1188	loseall/videosuperresolution	119	3	1
1189	estarlife/densenet-quiz	0	0	0
1190	caochangyan1213/quiz-w7-2-densenet	0	0	0
1191	pessimiss/quiz-w7-2-densenet	0	0	0
1192	eth-sri/eran	10	0	0
1193	duinodu/objdect_papernotes	3	0	0
1194	hailotech/seg-mentor	10	0	0
1195	olafenwamoses/imageai	820	21	8
1196	yanqi1811/transfer-learning	2	0	0
1197	mbadry1/cs231n-2017-summary	244	5	2
1198	trailbehind/deeposm	174	12	8
1199	xinghaochen/awesome-hand-pose-estimation	252	2	7
1200	huxiaoman7/paddlepaddle_code	122	0	1
1201	zhang0peter/good-articles-by-time	1	1	0
1202	zengarden/light_head_rcnn	215	115	4
1203	zhec/realtime_multi-person_pose_estimation	1113	41	22
1204	bioinf-jku/ttur	68	7	0
1205	neuropoly/gmseg	6	0	0
1206	uber-research/intrinsic-dimension	27	1	0
1207	minyoungg/selfconsistency	24	3	0
1208	philferriere/tfvos	30	0	0
1209	ronghanghu/text_objseg	30	2	1
1210	balancap/ssd-tensorflow	1465	155	55
1211	vcg-uvic/lf-net-release	29	5	5
1212	aleksispi/drl-rpn-tf	14	0	0
1213	tetrachrome/subpixel	262	19	3
1214	bioinf-jku/snns	183	7	1
1215	philferriere/tfoptflow	44	5	1
1216	mjhucla/tf-mrnn	55	4	1
1217	lz20061213/quadrilateral	0	0	0
1218	shekkizh/fcn.tensorflow	478	35	10
1219	slundberg/shap	679	24	9
1220	tae-jun/resemul	11	0	0
1221	tensorflow/adanet	380	11	1
1222	potterhsu/svhnclassifier	64	6	0
1223	ternaus/angiodysplasia-segmentation	17	0	0
1224	philferriere/tfwss	42	1	0
1225	yunjey/show_attend_and_tell	294	20	4
1226	sthalles/deeplab_v3	232	3	2
1227	dmitryulyanov/neural-style-audio-tf	91	8	1
1228	markvdw/convgp	22	4	0
1229	detectionteamucas/faster-rcnn_tensorflow	37	1	0
1230	rpautrat/superpoint	98	8	3
1231	arahusky/tensorflow-segmentation	85	5	1
1232	hangyao/street_view_house_numbers	18	0	0
1233	cftang0827/pedestrian_recognition	2	0	0
1234	thibo73800/capsnet_traffic_sign_classifier	63	3	2
1235	vincemarron/style_transfer	21	2	0
1236	kkweon/unet-in-tensorflow	71	6	2
1237	insikk/delf_enhanced	22	1	0
1238	bostondiditeam/mv3d	127	5	3
1239	monsta-hd/boltzmann-machines	109	5	0
1240	ossdc/ssd-tensorflow	10	0	1
1241	codait/deep-histopath	22	1	1
1242	vadim-v-lebedev/audio_style_tranfer	18	0	0
1243	llsourcell/how_to_do_style_transfer_in_tensorflow	54	3	1
1244	insikk/grad-cam-tensorflow	66	3	0
1245	leeyevi/mv3d_tf	27	8	4
1246	zhwhong/lidc_nodule_detection	59	0	1
1247	jenifferwuucla/pulmonary-nodules-maskrcnn	56	2	2
1248	aqibsaeed/genetic-cnn	51	5	1
1249	yd8534976/fashionai-tf	3	0	0
1250	tropcomplique/shufflenet-tensorflow	16	0	0
1251	alexattia/extendedtinyfaces	61	0	1
1252	markostam/audio-deepdream-tf	4	1	1
1253	stuarteiffert/rnn-for-human-activity-recognition-using-2d-pose-input	31	1	0
1254	google-aai/tf-serving-k8s-tutorial	20	1	0
1255	tropcomplique/shufflenet-v2-tensorflow	39	3	0
1256	detectionteamucas/fpn_tensorflow	60	3	0
1257	rusty1s/embedded_gcnn	5	0	0
1258	detectionteamucas/cascade-rcnn_tensorflow	11	0	0
1259	larryjiang134/image_manipulation_detection	28	2	0
1260	leonardoaraujosantos/learnsegmentation	7	0	0
1261	robmarkcole/satellite-image-deep-learning	81	0	5
1262	cagatayyildiz/npde	1	0	0
1263	crowdai/crowdai-mapping-challenge-mask-rcnn	31	4	1
1264	saurabh23/msrgan-a-gan-for-single-image-super-resolution-on-high-content-screening-microscopy-images.	8	0	0
1265	aqibsaeed/estimation-of-remaining-useful-life-using-cnn	36	0	1
1266	m090009/traffic-sign-recognition-classifier	0	0	0
1267	jerryfan4/resnet	4	0	0
1268	toimcio/segnet-tensorflow	23	1	0
1269	orlyliba/fine_tune_analyze_neural_net	4	0	0
1270	mithi/semantic-segmentation	19	0	0
1271	ayushdewan/latin-alphabet-recognition-using-convolutional-neural-networks-in-tensorflow	0	0	0
1272	liferlisiqi/traffic-sign-classifier	0	0	0
1273	waleedgondal/weakly_localizations_tensorflow	9	0	0
1274	vijaydl/dl-playground	3	0	0
1275	pat-coady/tiny_imagenet	14	0	0
1276	odysseaskr/irmas-cnn	1	0	0
1277	ilguyi/style-transfer.tensorflow	2	0	0
1278	oracleofnj/spectral-repr-cnns	8	0	1
1279	eternityzy/fcn-tensorflow	11	0	0
1280	amirhfarzaneh/vgg13-tensorlfow	1	0	0
1281	kvn219/multi-number-recognition	2	0	0
1282	georgymh/instance-identification	1	0	0
1283	jadevaibhav/signature-verification-using-deep-learning	8	0	0
1284	davidabek1/adanet	2	0	0
1285	hayoung-kim/tf-semantic-segmentation-fcn-vgg16	7	0	1
1286	hodapp87/cs6475_neural_style	0	0	0
1287	brianrusso/uav_ssd	0	0	0
1288	ahylton19/simplenalu-tf	5	0	0
1289	yihui-he/resnet-tensorflow	3	0	0
1290	nicolastah/semantic-style-transfer	1	0	0
1291	seuphor/vgg19-style	0	0	0
1292	twice22/vqa	0	0	0
1293	michaelmendoza/learning-tensorflow	1	0	0
1294	houstonj2013/capstone_dl_object_detection	0	0	0
1295	pacocp/maskrcnn_blur_background	1	1	0
1296	ankitamd/darkflow-object-detection	0	0	0
1297	niulab-ssd-branch/ssd-branchy	0	0	0
1298	rishengzhou/newssd	0	0	0
1299	hengmuling/ssd-tensorflow-master	1	0	0
1300	zhaochunzx/tensorflowdemo	0	0	0
1301	yuyang2009/ssd_tensorflow	1	0	0
1302	tikam02/crowdestimation	2	0	0
1303	eltonwalter/ssd-tensorflow-origin	0	0	0
1304	mlearing/ssd	0	0	0
1305	laos-y/tensorflow-yolo	1	0	0
1306	mytrjp/objectdetection	4	0	0
1307	kobiso/cam-tensorflow	1	0	0
1308	jrc1995/wide-residual-network	5	0	0
1309	coolerme/dog_vs_cat	0	0	0
1310	goddoe/hide-and-seek	1	0	0
1311	ronniegandhi/implementing-alexnet-trained-on--imagenet-s-ilsvrc2012-datasets-using-tensorflow	0	0	0
1312	gpascualg/crossgrad	0	0	0
1313	niranjanreddy891/self-driving-car	0	0	0
1314	aloshkad/sdcar_software_p3	0	0	0
1315	shishir-bg/tf1.3_new_input_pipeline_demonstration	0	0	0
1316	etpr/kinematic_morphing_network	0	0	0
1317	iavasiljeva/siamese-networks-hse-2017	1	0	0
1318	minggli/densenet	0	0	0
1319	irashadow/tensorflow_fcn	0	0	0
1320	thadikari/differentiable-boundary-trees	0	0	0
1321	sixquant/u-net	2	0	0
1322	ibm/max-human-pose-estimator	6	1	0
1323	lucko515/deep-convolutional-highway-network	2	0	0
1324	lwiss/hackathon_satellite_imagery	0	0	0
1325	dekhtiarjonathan/dice-dmu_imagery_classification_engine	3	0	0
1326	texastony/motion_detection_obj_recog	0	0	0
1327	leofansq/kitti-objects-detection-using-ssd-in-tensorflow	0	0	0
1328	iitmcvg/demo-of-face-detection-and-counting-	1	0	0
1329	pohsu/lyft-challenge	0	0	0
1330	lucko515/fully-connected-highway-network	1	0	0
1331	mdeff/fma	187	7	4
1332	saravanabalagi/deep_image_prior	4	0	0
1333	lucko515/residual-network	1	0	0
1334	111qqz/tf-slim	1	0	0
1335	devyhia/slim-backup	0	0	0
1336	jorge190588/ia	8	0	0
1337	mikoto10032/deeplearning	313	5	15
